[2026-09-08 01:49:55] production.ERROR: The C:\xampp\htdocs\pelayanan psdkp\bootstrap\cache directory must be present and writable. {"exception":"[object] (Exception(code: 0): The C:\\xampp\\htdocs\\pelayanan psdkp\\bootstrap\\cache directory must be present and writable. at C:/xampp/htdocs/pelayanan psdkp/vendor/laravel/framework/src/Illuminate/Foundation/PackageManifest.php:179)
[stacktrace]
#0 C:/xampp/htdocs/pelayanan psdkp/vendor/laravel/framework/src/Illuminate/Foundation/PackageManifest.php(132): Illuminate/Foundation/PackageManifest->write(Array)
#1 C:/xampp/htdocs/pelayanan psdkp/vendor/laravel/framework/src/Illuminate/Foundation/PackageManifest.php(108): Illuminate/Foundation/PackageManifest->build()
#2 C:/xampp/htdocs/pelayanan psdkp/vendor/laravel/framework/src/Illuminate/Foundation/PackageManifest.php(90): Illuminate/Foundation/PackageManifest->getManifest()
#3 C:/xampp/htdocs/pelayanan psdkp/vendor/laravel/framework/src/Illuminate/Foundation/PackageManifest.php(79): Illuminate/Foundation/PackageManifest->config('aliases')
#4 C:/xampp/htdocs/pelayanan psdkp/vendor/laravel/framework/src/Illuminate/Foundation/Bootstrap/RegisterFacades.php(26): Illuminate/Foundation/PackageManifest->aliases()
#5 C:/xampp/htdocs/pelayanan psdkp/vendor/laravel/framework/src/Illuminate/Foundation/Application.php(342): Illuminate/Foundation/Bootstrap/RegisterFacades->bootstrap(Object(Illuminate/Foundation/Application))
#6 C:/xampp/htdocs/pelayanan psdkp/vendor/laravel/framework/src/Illuminate/Foundation/Console/Kernel.php(494): Illuminate/Foundation/Application->bootstrapWith(Array)
#7 C:/xampp/htdocs/pelayanan psdkp/vendor/laravel/framework/src/Illuminate/Foundation/Console/Kernel.php(196): Illuminate/Foundation/Console/Kernel->bootstrap()
#8 C:/xampp/htdocs/pelayanan psdkp/vendor/laravel/framework/src/Illuminate/Foundation/Application.php(1235): Illuminate/Foundation/Console/Kernel->handle(Object(Symfony/Component/Console/Input/ArgvInput), Object(Symfony/Component/Console/Output/ConsoleOutput))
#9 C:/xampp/htdocs/pelayanan psdkp/artisan(5): Illuminate/Foundation/Application->handleCommand(Object(Symfony/Component/Console/Input/ArgvInput))
#10 {main}
"} 
[2026-09-08 02:02:32] production.ERROR: SQLSTATE[HY000]: General error: 1 no such table: cache (Connection: sqlite, Database: C:\xampp\htdocs\pelayanan psdkp\database\database.sqlite, SQL: delete from "cache") {"exception":"[object] (Illuminate\\Database\\QueryException(code: HY000): SQLSTATE[HY000]: General error: 1 no such table: cache (Connection: sqlite, Database: C:\\xampp\\htdocs\\pelayanan psdkp\\database\\database.sqlite, SQL: delete from \"cache\") at C:/xampp/htdocs/pelayanan psdkp/vendor/laravel/framework/src/Illuminate/Database/Connection.php:838)
[stacktrace]
#0 C:/xampp/htdocs/pelayanan psdkp/vendor/laravel/framework/src/Illuminate/Database/Connection.php(794): Illuminate/Database/Connection->runQueryCallback('delete from \"ca...', Array, Object(Closure))
#1 C:/xampp/htdocs/pelayanan psdkp/vendor/laravel/framework/src/Illuminate/Database/Connection.php(597): Illuminate/Database/Connection->run('delete from \"ca...', Array, Object(Closure))
#2 C:/xampp/htdocs/pelayanan psdkp/vendor/laravel/framework/src/Illuminate/Database/Connection.php(561): Illuminate/Database/Connection->affectingStatement('delete from \"ca...', Array)
#3 C:/xampp/htdocs/pelayanan psdkp/vendor/laravel/framework/src/Illuminate/Database/Query/Builder.php(4426): Illuminate/Database/Connection->delete('delete from \"ca...', Array)
#4 C:/xampp/htdocs/pelayanan psdkp/vendor/laravel/framework/src/Illuminate/Cache/DatabaseStore.php(433): Illuminate/Database/Query/Builder->delete()
#5 C:/xampp/htdocs/pelayanan psdkp/vendor/laravel/framework/src/Illuminate/Cache/Repository.php(979): Illuminate/Cache/DatabaseStore->flush()
#6 C:/xampp/htdocs/pelayanan psdkp/vendor/laravel/framework/src/Illuminate/Cache/Console/ClearCommand.php(68): Illuminate/Cache/Repository->__call('flush', Array)
#7 C:/xampp/htdocs/pelayanan psdkp/vendor/laravel/framework/src/Illuminate/Container/BoundMethod.php(36): Illuminate/Cache/Console/ClearCommand->handle()
#8 C:/xampp/htdocs/pelayanan psdkp/vendor/laravel/framework/src/Illuminate/Container/Util.php(43): Illuminate/Container/BoundMethod::Illuminate/Container/{closure}()
#9 C:/xampp/htdocs/pelayanan psdkp/vendor/laravel/framework/src/Illuminate/Container/BoundMethod.php(96): Illuminate/Container/Util::unwrapIfClosure(Object(Closure))
#10 C:/xampp/htdocs/pelayanan psdkp/vendor/laravel/framework/src/Illuminate/Container/BoundMethod.php(35): Illuminate/Container/BoundMethod::callBoundMethod(Object(Illuminate/Foundation/Application), Array, Object(Closure))
#11 C:/xampp/htdocs/pelayanan psdkp/vendor/laravel/framework/src/Illuminate/Container/Container.php(799): Illuminate/Container/BoundMethod::call(Object(Illuminate/Foundation/Application), Array, Array, NULL)
#12 C:/xampp/htdocs/pelayanan psdkp/vendor/laravel/framework/src/Illuminate/Console/Command.php(211): Illuminate/Container/Container->call(Array)
#13 C:/xampp/htdocs/pelayanan psdkp/vendor/symfony/console/Command/Command.php(341): Illuminate/Console/Command->execute(Object(Symfony/Component/Console/Input/ArrayInput), Object(Illuminate/Console/OutputStyle))
#14 C:/xampp/htdocs/pelayanan psdkp/vendor/laravel/framework/src/Illuminate/Console/Command.php(180): Symfony/Component/Console/Command/Command->run(Object(Symfony/Component/Console/Input/ArrayInput), Object(Illuminate/Console/OutputStyle))
#15 C:/xampp/htdocs/pelayanan psdkp/vendor/laravel/framework/src/Illuminate/Console/Concerns/CallsCommands.php(68): Illuminate/Console/Command->run(Object(Symfony/Component/Console/Input/ArrayInput), Object(Symfony/Component/Console/Output/NullOutput))
#16 C:/xampp/htdocs/pelayanan psdkp/vendor/laravel/framework/src/Illuminate/Console/Concerns/CallsCommands.php(41): Illuminate/Console/Command->runCommand('cache:clear', Array, Object(Symfony/Component/Console/Output/NullOutput))
#17 C:/xampp/htdocs/pelayanan psdkp/vendor/laravel/framework/src/Illuminate/Console/Concerns/CallsCommands.php(53): Illuminate/Console/Command->callSilent('cache:clear', Array)
#18 C:/xampp/htdocs/pelayanan psdkp/vendor/laravel/framework/src/Illuminate/Foundation/Console/OptimizeClearCommand.php(48): Illuminate/Console/Command->callSilently('cache:clear')
#19 C:/xampp/htdocs/pelayanan psdkp/vendor/laravel/framework/src/Illuminate/Console/View/Components/Task.php(41): Illuminate/Foundation/Console/OptimizeClearCommand->Illuminate/Foundation/Console/{closure}()
#20 C:/xampp/htdocs/pelayanan psdkp/vendor/laravel/framework/src/Illuminate/Console/View/Components/Factory.php(59): Illuminate/Console/View/Components/Task->render('cache', Object(Closure))
#21 C:/xampp/htdocs/pelayanan psdkp/vendor/laravel/framework/src/Illuminate/Foundation/Console/OptimizeClearCommand.php(48): Illuminate/Console/View/Components/Factory->__call('task', Array)
#22 C:/xampp/htdocs/pelayanan psdkp/vendor/laravel/framework/src/Illuminate/Container/BoundMethod.php(36): Illuminate/Foundation/Console/OptimizeClearCommand->handle()
#23 C:/xampp/htdocs/pelayanan psdkp/vendor/laravel/framework/src/Illuminate/Container/Util.php(43): Illuminate/Container/BoundMethod::Illuminate/Container/{closure}()
#24 C:/xampp/htdocs/pelayanan psdkp/vendor/laravel/framework/src/Illuminate/Container/BoundMethod.php(96): Illuminate/Container/Util::unwrapIfClosure(Object(Closure))
#25 C:/xampp/htdocs/pelayanan psdkp/vendor/laravel/framework/src/Illuminate/Container/BoundMethod.php(35): Illuminate/Container/BoundMethod::callBoundMethod(Object(Illuminate/Foundation/Application), Array, Object(Closure))
#26 C:/xampp/htdocs/pelayanan psdkp/vendor/laravel/framework/src/Illuminate/Container/Container.php(799): Illuminate/Container/BoundMethod::call(Object(Illuminate/Foundation/Application), Array, Array, NULL)
#27 C:/xampp/htdocs/pelayanan psdkp/vendor/laravel/framework/src/Illuminate/Console/Command.php(211): Illuminate/Container/Container->call(Array)
#28 C:/xampp/htdocs/pelayanan psdkp/vendor/symfony/console/Command/Command.php(341): Illuminate/Console/Command->execute(Object(Symfony/Component/Console/Input/ArgvInput), Object(Illuminate/Console/OutputStyle))
#29 C:/xampp/htdocs/pelayanan psdkp/vendor/laravel/framework/src/Illuminate/Console/Command.php(180): Symfony/Component/Console/Command/Command->run(Object(Symfony/Component/Console/Input/ArgvInput), Object(Illuminate/Console/OutputStyle))
#30 C:/xampp/htdocs/pelayanan psdkp/vendor/symfony/console/Application.php(1117): Illuminate/Console/Command->run(Object(Symfony/Component/Console/Input/ArgvInput), Object(Symfony/Component/Console/Output/ConsoleOutput))
#31 C:/xampp/htdocs/pelayanan psdkp/vendor/symfony/console/Application.php(356): Symfony/Component/Console/Application->doRunCommand(Object(Illuminate/Foundation/Console/OptimizeClearCommand), Object(Symfony/Component/Console/Input/ArgvInput), Object(Symfony/Component/Console/Output/ConsoleOutput))
#32 C:/xampp/htdocs/pelayanan psdkp/vendor/symfony/console/Application.php(195): Symfony/Component/Console/Application->doRun(Object(Symfony/Component/Console/Input/ArgvInput), Object(Symfony/Component/Console/Output/ConsoleOutput))
#33 C:/xampp/htdocs/pelayanan psdkp/vendor/laravel/framework/src/Illuminate/Foundation/Console/Kernel.php(198): Symfony/Component/Console/Application->run(Object(Symfony/Component/Console/Input/ArgvInput), Object(Symfony/Component/Console/Output/ConsoleOutput))
#34 C:/xampp/htdocs/pelayanan psdkp/vendor/laravel/framework/src/Illuminate/Foundation/Application.php(1235): Illuminate/Foundation/Console/Kernel->handle(Object(Symfony/Component/Console/Input/ArgvInput), Object(Symfony/Component/Console/Output/ConsoleOutput))
#35 C:/xampp/htdocs/pelayanan psdkp/artisan(5): Illuminate/Foundation/Application->handleCommand(Object(Symfony/Component/Console/Input/ArgvInput))
#36 {main}

[previous exception] [object] (PDOException(code: HY000): SQLSTATE[HY000]: General error: 1 no such table: cache at C:/xampp/htdocs/pelayanan psdkp/vendor/laravel/framework/src/Illuminate/Database/Connection.php:605)
[stacktrace]
#0 C:/xampp/htdocs/pelayanan psdkp/vendor/laravel/framework/src/Illuminate/Database/Connection.php(605): PDO->prepare('delete from \"ca...')
#1 C:/xampp/htdocs/pelayanan psdkp/vendor/laravel/framework/src/Illuminate/Database/Connection.php(827): Illuminate/Database/Connection->Illuminate/Database/{closure}('delete from \"ca...', Array)
#2 C:/xampp/htdocs/pelayanan psdkp/vendor/laravel/framework/src/Illuminate/Database/Connection.php(794): Illuminate/Database/Connection->runQueryCallback('delete from \"ca...', Array, Object(Closure))
#3 C:/xampp/htdocs/pelayanan psdkp/vendor/laravel/framework/src/Illuminate/Database/Connection.php(597): Illuminate/Database/Connection->run('delete from \"ca...', Array, Object(Closure))
#4 C:/xampp/htdocs/pelayanan psdkp/vendor/laravel/framework/src/Illuminate/Database/Connection.php(561): Illuminate/Database/Connection->affectingStatement('delete from \"ca...', Array)
#5 C:/xampp/htdocs/pelayanan psdkp/vendor/laravel/framework/src/Illuminate/Database/Query/Builder.php(4426): Illuminate/Database/Connection->delete('delete from \"ca...', Array)
#6 C:/xampp/htdocs/pelayanan psdkp/vendor/laravel/framework/src/Illuminate/Cache/DatabaseStore.php(433): Illuminate/Database/Query/Builder->delete()
#7 C:/xampp/htdocs/pelayanan psdkp/vendor/laravel/framework/src/Illuminate/Cache/Repository.php(979): Illuminate/Cache/DatabaseStore->flush()
#8 C:/xampp/htdocs/pelayanan psdkp/vendor/laravel/framework/src/Illuminate/Cache/Console/ClearCommand.php(68): Illuminate/Cache/Repository->__call('flush', Array)
#9 C:/xampp/htdocs/pelayanan psdkp/vendor/laravel/framework/src/Illuminate/Container/BoundMethod.php(36): Illuminate/Cache/Console/ClearCommand->handle()
#10 C:/xampp/htdocs/pelayanan psdkp/vendor/laravel/framework/src/Illuminate/Container/Util.php(43): Illuminate/Container/BoundMethod::Illuminate/Container/{closure}()
#11 C:/xampp/htdocs/pelayanan psdkp/vendor/laravel/framework/src/Illuminate/Container/BoundMethod.php(96): Illuminate/Container/Util::unwrapIfClosure(Object(Closure))
#12 C:/xampp/htdocs/pelayanan psdkp/vendor/laravel/framework/src/Illuminate/Container/BoundMethod.php(35): Illuminate/Container/BoundMethod::callBoundMethod(Object(Illuminate/Foundation/Application), Array, Object(Closure))
#13 C:/xampp/htdocs/pelayanan psdkp/vendor/laravel/framework/src/Illuminate/Container/Container.php(799): Illuminate/Container/BoundMethod::call(Object(Illuminate/Foundation/Application), Array, Array, NULL)
#14 C:/xampp/htdocs/pelayanan psdkp/vendor/laravel/framework/src/Illuminate/Console/Command.php(211): Illuminate/Container/Container->call(Array)
#15 C:/xampp/htdocs/pelayanan psdkp/vendor/symfony/console/Command/Command.php(341): Illuminate/Console/Command->execute(Object(Symfony/Component/Console/Input/ArrayInput), Object(Illuminate/Console/OutputStyle))
#16 C:/xampp/htdocs/pelayanan psdkp/vendor/laravel/framework/src/Illuminate/Console/Command.php(180): Symfony/Component/Console/Command/Command->run(Object(Symfony/Component/Console/Input/ArrayInput), Object(Illuminate/Console/OutputStyle))
#17 C:/xampp/htdocs/pelayanan psdkp/vendor/laravel/framework/src/Illuminate/Console/Concerns/CallsCommands.php(68): Illuminate/Console/Command->run(Object(Symfony/Component/Console/Input/ArrayInput), Object(Symfony/Component/Console/Output/NullOutput))
#18 C:/xampp/htdocs/pelayanan psdkp/vendor/laravel/framework/src/Illuminate/Console/Concerns/CallsCommands.php(41): Illuminate/Console/Command->runCommand('cache:clear', Array, Object(Symfony/Component/Console/Output/NullOutput))
#19 C:/xampp/htdocs/pelayanan psdkp/vendor/laravel/framework/src/Illuminate/Console/Concerns/CallsCommands.php(53): Illuminate/Console/Command->callSilent('cache:clear', Array)
#20 C:/xampp/htdocs/pelayanan psdkp/vendor/laravel/framework/src/Illuminate/Foundation/Console/OptimizeClearCommand.php(48): Illuminate/Console/Command->callSilently('cache:clear')
#21 C:/xampp/htdocs/pelayanan psdkp/vendor/laravel/framework/src/Illuminate/Console/View/Components/Task.php(41): Illuminate/Foundation/Console/OptimizeClearCommand->Illuminate/Foundation/Console/{closure}()
#22 C:/xampp/htdocs/pelayanan psdkp/vendor/laravel/framework/src/Illuminate/Console/View/Components/Factory.php(59): Illuminate/Console/View/Components/Task->render('cache', Object(Closure))
#23 C:/xampp/htdocs/pelayanan psdkp/vendor/laravel/framework/src/Illuminate/Foundation/Console/OptimizeClearCommand.php(48): Illuminate/Console/View/Components/Factory->__call('task', Array)
#24 C:/xampp/htdocs/pelayanan psdkp/vendor/laravel/framework/src/Illuminate/Container/BoundMethod.php(36): Illuminate/Foundation/Console/OptimizeClearCommand->handle()
#25 C:/xampp/htdocs/pelayanan psdkp/vendor/laravel/framework/src/Illuminate/Container/Util.php(43): Illuminate/Container/BoundMethod::Illuminate/Container/{closure}()
#26 C:/xampp/htdocs/pelayanan psdkp/vendor/laravel/framework/src/Illuminate/Container/BoundMethod.php(96): Illuminate/Container/Util::unwrapIfClosure(Object(Closure))
#27 C:/xampp/htdocs/pelayanan psdkp/vendor/laravel/framework/src/Illuminate/Container/BoundMethod.php(35): Illuminate/Container/BoundMethod::callBoundMethod(Object(Illuminate/Foundation/Application), Array, Object(Closure))
#28 C:/xampp/htdocs/pelayanan psdkp/vendor/laravel/framework/src/Illuminate/Container/Container.php(799): Illuminate/Container/BoundMethod::call(Object(Illuminate/Foundation/Application), Array, Array, NULL)
#29 C:/xampp/htdocs/pelayanan psdkp/vendor/laravel/framework/src/Illuminate/Console/Command.php(211): Illuminate/Container/Container->call(Array)
#30 C:/xampp/htdocs/pelayanan psdkp/vendor/symfony/console/Command/Command.php(341): Illuminate/Console/Command->execute(Object(Symfony/Component/Console/Input/ArgvInput), Object(Illuminate/Console/OutputStyle))
#31 C:/xampp/htdocs/pelayanan psdkp/vendor/laravel/framework/src/Illuminate/Console/Command.php(180): Symfony/Component/Console/Command/Command->run(Object(Symfony/Component/Console/Input/ArgvInput), Object(Illuminate/Console/OutputStyle))
#32 C:/xampp/htdocs/pelayanan psdkp/vendor/symfony/console/Application.php(1117): Illuminate/Console/Command->run(Object(Symfony/Component/Console/Input/ArgvInput), Object(Symfony/Component/Console/Output/ConsoleOutput))
#33 C:/xampp/htdocs/pelayanan psdkp/vendor/symfony/console/Application.php(356): Symfony/Component/Console/Application->doRunCommand(Object(Illuminate/Foundation/Console/OptimizeClearCommand), Object(Symfony/Component/Console/Input/ArgvInput), Object(Symfony/Component/Console/Output/ConsoleOutput))
#34 C:/xampp/htdocs/pelayanan psdkp/vendor/symfony/console/Application.php(195): Symfony/Component/Console/Application->doRun(Object(Symfony/Component/Console/Input/ArgvInput), Object(Symfony/Component/Console/Output/ConsoleOutput))
#35 C:/xampp/htdocs/pelayanan psdkp/vendor/laravel/framework/src/Illuminate/Foundation/Console/Kernel.php(198): Symfony/Component/Console/Application->run(Object(Symfony/Component/Console/Input/ArgvInput), Object(Symfony/Component/Console/Output/ConsoleOutput))
#36 C:/xampp/htdocs/pelayanan psdkp/vendor/laravel/framework/src/Illuminate/Foundation/Application.php(1235): Illuminate/Foundation/Console/Kernel->handle(Object(Symfony/Component/Console/Input/ArgvInput), Object(Symfony/Component/Console/Output/ConsoleOutput))
#37 C:/xampp/htdocs/pelayanan psdkp/artisan(5): Illuminate/Foundation/Application->handleCommand(Object(Symfony/Component/Console/Input/ArgvInput))
#38 {main}
"} 
[2026-09-08 02:03:16] production.ERROR: SQLSTATE[HY000]: General error: 1 no such table: cache (Connection: sqlite, Database: C:\xampp\htdocs\pelayanan psdkp\database\database.sqlite, SQL: delete from "cache") {"exception":"[object] (Illuminate\\Database\\QueryException(code: HY000): SQLSTATE[HY000]: General error: 1 no such table: cache (Connection: sqlite, Database: C:\\xampp\\htdocs\\pelayanan psdkp\\database\\database.sqlite, SQL: delete from \"cache\") at C:/xampp/htdocs/pelayanan psdkp/vendor/laravel/framework/src/Illuminate/Database/Connection.php:838)
[stacktrace]
#0 C:/xampp/htdocs/pelayanan psdkp/vendor/laravel/framework/src/Illuminate/Database/Connection.php(794): Illuminate/Database/Connection->runQueryCallback('delete from \"ca...', Array, Object(Closure))
#1 C:/xampp/htdocs/pelayanan psdkp/vendor/laravel/framework/src/Illuminate/Database/Connection.php(597): Illuminate/Database/Connection->run('delete from \"ca...', Array, Object(Closure))
#2 C:/xampp/htdocs/pelayanan psdkp/vendor/laravel/framework/src/Illuminate/Database/Connection.php(561): Illuminate/Database/Connection->affectingStatement('delete from \"ca...', Array)
#3 C:/xampp/htdocs/pelayanan psdkp/vendor/laravel/framework/src/Illuminate/Database/Query/Builder.php(4426): Illuminate/Database/Connection->delete('delete from \"ca...', Array)
#4 C:/xampp/htdocs/pelayanan psdkp/vendor/laravel/framework/src/Illuminate/Cache/DatabaseStore.php(433): Illuminate/Database/Query/Builder->delete()
#5 C:/xampp/htdocs/pelayanan psdkp/vendor/laravel/framework/src/Illuminate/Cache/Repository.php(979): Illuminate/Cache/DatabaseStore->flush()
#6 C:/xampp/htdocs/pelayanan psdkp/vendor/laravel/framework/src/Illuminate/Cache/Console/ClearCommand.php(68): Illuminate/Cache/Repository->__call('flush', Array)
#7 C:/xampp/htdocs/pelayanan psdkp/vendor/laravel/framework/src/Illuminate/Container/BoundMethod.php(36): Illuminate/Cache/Console/ClearCommand->handle()
#8 C:/xampp/htdocs/pelayanan psdkp/vendor/laravel/framework/src/Illuminate/Container/Util.php(43): Illuminate/Container/BoundMethod::Illuminate/Container/{closure}()
#9 C:/xampp/htdocs/pelayanan psdkp/vendor/laravel/framework/src/Illuminate/Container/BoundMethod.php(96): Illuminate/Container/Util::unwrapIfClosure(Object(Closure))
#10 C:/xampp/htdocs/pelayanan psdkp/vendor/laravel/framework/src/Illuminate/Container/BoundMethod.php(35): Illuminate/Container/BoundMethod::callBoundMethod(Object(Illuminate/Foundation/Application), Array, Object(Closure))
#11 C:/xampp/htdocs/pelayanan psdkp/vendor/laravel/framework/src/Illuminate/Container/Container.php(799): Illuminate/Container/BoundMethod::call(Object(Illuminate/Foundation/Application), Array, Array, NULL)
#12 C:/xampp/htdocs/pelayanan psdkp/vendor/laravel/framework/src/Illuminate/Console/Command.php(211): Illuminate/Container/Container->call(Array)
#13 C:/xampp/htdocs/pelayanan psdkp/vendor/symfony/console/Command/Command.php(341): Illuminate/Console/Command->execute(Object(Symfony/Component/Console/Input/ArrayInput), Object(Illuminate/Console/OutputStyle))
#14 C:/xampp/htdocs/pelayanan psdkp/vendor/laravel/framework/src/Illuminate/Console/Command.php(180): Symfony/Component/Console/Command/Command->run(Object(Symfony/Component/Console/Input/ArrayInput), Object(Illuminate/Console/OutputStyle))
#15 C:/xampp/htdocs/pelayanan psdkp/vendor/laravel/framework/src/Illuminate/Console/Concerns/CallsCommands.php(68): Illuminate/Console/Command->run(Object(Symfony/Component/Console/Input/ArrayInput), Object(Symfony/Component/Console/Output/NullOutput))
#16 C:/xampp/htdocs/pelayanan psdkp/vendor/laravel/framework/src/Illuminate/Console/Concerns/CallsCommands.php(41): Illuminate/Console/Command->runCommand('cache:clear', Array, Object(Symfony/Component/Console/Output/NullOutput))
#17 C:/xampp/htdocs/pelayanan psdkp/vendor/laravel/framework/src/Illuminate/Console/Concerns/CallsCommands.php(53): Illuminate/Console/Command->callSilent('cache:clear', Array)
#18 C:/xampp/htdocs/pelayanan psdkp/vendor/laravel/framework/src/Illuminate/Foundation/Console/OptimizeClearCommand.php(48): Illuminate/Console/Command->callSilently('cache:clear')
#19 C:/xampp/htdocs/pelayanan psdkp/vendor/laravel/framework/src/Illuminate/Console/View/Components/Task.php(41): Illuminate/Foundation/Console/OptimizeClearCommand->Illuminate/Foundation/Console/{closure}()
#20 C:/xampp/htdocs/pelayanan psdkp/vendor/laravel/framework/src/Illuminate/Console/View/Components/Factory.php(59): Illuminate/Console/View/Components/Task->render('cache', Object(Closure))
#21 C:/xampp/htdocs/pelayanan psdkp/vendor/laravel/framework/src/Illuminate/Foundation/Console/OptimizeClearCommand.php(48): Illuminate/Console/View/Components/Factory->__call('task', Array)
#22 C:/xampp/htdocs/pelayanan psdkp/vendor/laravel/framework/src/Illuminate/Container/BoundMethod.php(36): Illuminate/Foundation/Console/OptimizeClearCommand->handle()
#23 C:/xampp/htdocs/pelayanan psdkp/vendor/laravel/framework/src/Illuminate/Container/Util.php(43): Illuminate/Container/BoundMethod::Illuminate/Container/{closure}()
#24 C:/xampp/htdocs/pelayanan psdkp/vendor/laravel/framework/src/Illuminate/Container/BoundMethod.php(96): Illuminate/Container/Util::unwrapIfClosure(Object(Closure))
#25 C:/xampp/htdocs/pelayanan psdkp/vendor/laravel/framework/src/Illuminate/Container/BoundMethod.php(35): Illuminate/Container/BoundMethod::callBoundMethod(Object(Illuminate/Foundation/Application), Array, Object(Closure))
#26 C:/xampp/htdocs/pelayanan psdkp/vendor/laravel/framework/src/Illuminate/Container/Container.php(799): Illuminate/Container/BoundMethod::call(Object(Illuminate/Foundation/Application), Array, Array, NULL)
#27 C:/xampp/htdocs/pelayanan psdkp/vendor/laravel/framework/src/Illuminate/Console/Command.php(211): Illuminate/Container/Container->call(Array)
#28 C:/xampp/htdocs/pelayanan psdkp/vendor/symfony/console/Command/Command.php(341): Illuminate/Console/Command->execute(Object(Symfony/Component/Console/Input/ArgvInput), Object(Illuminate/Console/OutputStyle))
#29 C:/xampp/htdocs/pelayanan psdkp/vendor/laravel/framework/src/Illuminate/Console/Command.php(180): Symfony/Component/Console/Command/Command->run(Object(Symfony/Component/Console/Input/ArgvInput), Object(Illuminate/Console/OutputStyle))
#30 C:/xampp/htdocs/pelayanan psdkp/vendor/symfony/console/Application.php(1117): Illuminate/Console/Command->run(Object(Symfony/Component/Console/Input/ArgvInput), Object(Symfony/Component/Console/Output/ConsoleOutput))
#31 C:/xampp/htdocs/pelayanan psdkp/vendor/symfony/console/Application.php(356): Symfony/Component/Console/Application->doRunCommand(Object(Illuminate/Foundation/Console/OptimizeClearCommand), Object(Symfony/Component/Console/Input/ArgvInput), Object(Symfony/Component/Console/Output/ConsoleOutput))
#32 C:/xampp/htdocs/pelayanan psdkp/vendor/symfony/console/Application.php(195): Symfony/Component/Console/Application->doRun(Object(Symfony/Component/Console/Input/ArgvInput), Object(Symfony/Component/Console/Output/ConsoleOutput))
#33 C:/xampp/htdocs/pelayanan psdkp/vendor/laravel/framework/src/Illuminate/Foundation/Console/Kernel.php(198): Symfony/Component/Console/Application->run(Object(Symfony/Component/Console/Input/ArgvInput), Object(Symfony/Component/Console/Output/ConsoleOutput))
#34 C:/xampp/htdocs/pelayanan psdkp/vendor/laravel/framework/src/Illuminate/Foundation/Application.php(1235): Illuminate/Foundation/Console/Kernel->handle(Object(Symfony/Component/Console/Input/ArgvInput), Object(Symfony/Component/Console/Output/ConsoleOutput))
#35 C:/xampp/htdocs/pelayanan psdkp/artisan(5): Illuminate/Foundation/Application->handleCommand(Object(Symfony/Component/Console/Input/ArgvInput))
#36 {main}

[previous exception] [object] (PDOException(code: HY000): SQLSTATE[HY000]: General error: 1 no such table: cache at C:/xampp/htdocs/pelayanan psdkp/vendor/laravel/framework/src/Illuminate/Database/Connection.php:605)
[stacktrace]
#0 C:/xampp/htdocs/pelayanan psdkp/vendor/laravel/framework/src/Illuminate/Database/Connection.php(605): PDO->prepare('delete from \"ca...')
#1 C:/xampp/htdocs/pelayanan psdkp/vendor/laravel/framework/src/Illuminate/Database/Connection.php(827): Illuminate/Database/Connection->Illuminate/Database/{closure}('delete from \"ca...', Array)
#2 C:/xampp/htdocs/pelayanan psdkp/vendor/laravel/framework/src/Illuminate/Database/Connection.php(794): Illuminate/Database/Connection->runQueryCallback('delete from \"ca...', Array, Object(Closure))
#3 C:/xampp/htdocs/pelayanan psdkp/vendor/laravel/framework/src/Illuminate/Database/Connection.php(597): Illuminate/Database/Connection->run('delete from \"ca...', Array, Object(Closure))
#4 C:/xampp/htdocs/pelayanan psdkp/vendor/laravel/framework/src/Illuminate/Database/Connection.php(561): Illuminate/Database/Connection->affectingStatement('delete from \"ca...', Array)
#5 C:/xampp/htdocs/pelayanan psdkp/vendor/laravel/framework/src/Illuminate/Database/Query/Builder.php(4426): Illuminate/Database/Connection->delete('delete from \"ca...', Array)
#6 C:/xampp/htdocs/pelayanan psdkp/vendor/laravel/framework/src/Illuminate/Cache/DatabaseStore.php(433): Illuminate/Database/Query/Builder->delete()
#7 C:/xampp/htdocs/pelayanan psdkp/vendor/laravel/framework/src/Illuminate/Cache/Repository.php(979): Illuminate/Cache/DatabaseStore->flush()
#8 C:/xampp/htdocs/pelayanan psdkp/vendor/laravel/framework/src/Illuminate/Cache/Console/ClearCommand.php(68): Illuminate/Cache/Repository->__call('flush', Array)
#9 C:/xampp/htdocs/pelayanan psdkp/vendor/laravel/framework/src/Illuminate/Container/BoundMethod.php(36): Illuminate/Cache/Console/ClearCommand->handle()
#10 C:/xampp/htdocs/pelayanan psdkp/vendor/laravel/framework/src/Illuminate/Container/Util.php(43): Illuminate/Container/BoundMethod::Illuminate/Container/{closure}()
#11 C:/xampp/htdocs/pelayanan psdkp/vendor/laravel/framework/src/Illuminate/Container/BoundMethod.php(96): Illuminate/Container/Util::unwrapIfClosure(Object(Closure))
#12 C:/xampp/htdocs/pelayanan psdkp/vendor/laravel/framework/src/Illuminate/Container/BoundMethod.php(35): Illuminate/Container/BoundMethod::callBoundMethod(Object(Illuminate/Foundation/Application), Array, Object(Closure))
#13 C:/xampp/htdocs/pelayanan psdkp/vendor/laravel/framework/src/Illuminate/Container/Container.php(799): Illuminate/Container/BoundMethod::call(Object(Illuminate/Foundation/Application), Array, Array, NULL)
#14 C:/xampp/htdocs/pelayanan psdkp/vendor/laravel/framework/src/Illuminate/Console/Command.php(211): Illuminate/Container/Container->call(Array)
#15 C:/xampp/htdocs/pelayanan psdkp/vendor/symfony/console/Command/Command.php(341): Illuminate/Console/Command->execute(Object(Symfony/Component/Console/Input/ArrayInput), Object(Illuminate/Console/OutputStyle))
#16 C:/xampp/htdocs/pelayanan psdkp/vendor/laravel/framework/src/Illuminate/Console/Command.php(180): Symfony/Component/Console/Command/Command->run(Object(Symfony/Component/Console/Input/ArrayInput), Object(Illuminate/Console/OutputStyle))
#17 C:/xampp/htdocs/pelayanan psdkp/vendor/laravel/framework/src/Illuminate/Console/Concerns/CallsCommands.php(68): Illuminate/Console/Command->run(Object(Symfony/Component/Console/Input/ArrayInput), Object(Symfony/Component/Console/Output/NullOutput))
#18 C:/xampp/htdocs/pelayanan psdkp/vendor/laravel/framework/src/Illuminate/Console/Concerns/CallsCommands.php(41): Illuminate/Console/Command->runCommand('cache:clear', Array, Object(Symfony/Component/Console/Output/NullOutput))
#19 C:/xampp/htdocs/pelayanan psdkp/vendor/laravel/framework/src/Illuminate/Console/Concerns/CallsCommands.php(53): Illuminate/Console/Command->callSilent('cache:clear', Array)
#20 C:/xampp/htdocs/pelayanan psdkp/vendor/laravel/framework/src/Illuminate/Foundation/Console/OptimizeClearCommand.php(48): Illuminate/Console/Command->callSilently('cache:clear')
#21 C:/xampp/htdocs/pelayanan psdkp/vendor/laravel/framework/src/Illuminate/Console/View/Components/Task.php(41): Illuminate/Foundation/Console/OptimizeClearCommand->Illuminate/Foundation/Console/{closure}()
#22 C:/xampp/htdocs/pelayanan psdkp/vendor/laravel/framework/src/Illuminate/Console/View/Components/Factory.php(59): Illuminate/Console/View/Components/Task->render('cache', Object(Closure))
#23 C:/xampp/htdocs/pelayanan psdkp/vendor/laravel/framework/src/Illuminate/Foundation/Console/OptimizeClearCommand.php(48): Illuminate/Console/View/Components/Factory->__call('task', Array)
#24 C:/xampp/htdocs/pelayanan psdkp/vendor/laravel/framework/src/Illuminate/Container/BoundMethod.php(36): Illuminate/Foundation/Console/OptimizeClearCommand->handle()
#25 C:/xampp/htdocs/pelayanan psdkp/vendor/laravel/framework/src/Illuminate/Container/Util.php(43): Illuminate/Container/BoundMethod::Illuminate/Container/{closure}()
#26 C:/xampp/htdocs/pelayanan psdkp/vendor/laravel/framework/src/Illuminate/Container/BoundMethod.php(96): Illuminate/Container/Util::unwrapIfClosure(Object(Closure))
#27 C:/xampp/htdocs/pelayanan psdkp/vendor/laravel/framework/src/Illuminate/Container/BoundMethod.php(35): Illuminate/Container/BoundMethod::callBoundMethod(Object(Illuminate/Foundation/Application), Array, Object(Closure))
#28 C:/xampp/htdocs/pelayanan psdkp/vendor/laravel/framework/src/Illuminate/Container/Container.php(799): Illuminate/Container/BoundMethod::call(Object(Illuminate/Foundation/Application), Array, Array, NULL)
#29 C:/xampp/htdocs/pelayanan psdkp/vendor/laravel/framework/src/Illuminate/Console/Command.php(211): Illuminate/Container/Container->call(Array)
#30 C:/xampp/htdocs/pelayanan psdkp/vendor/symfony/console/Command/Command.php(341): Illuminate/Console/Command->execute(Object(Symfony/Component/Console/Input/ArgvInput), Object(Illuminate/Console/OutputStyle))
#31 C:/xampp/htdocs/pelayanan psdkp/vendor/laravel/framework/src/Illuminate/Console/Command.php(180): Symfony/Component/Console/Command/Command->run(Object(Symfony/Component/Console/Input/ArgvInput), Object(Illuminate/Console/OutputStyle))
#32 C:/xampp/htdocs/pelayanan psdkp/vendor/symfony/console/Application.php(1117): Illuminate/Console/Command->run(Object(Symfony/Component/Console/Input/ArgvInput), Object(Symfony/Component/Console/Output/ConsoleOutput))
#33 C:/xampp/htdocs/pelayanan psdkp/vendor/symfony/console/Application.php(356): Symfony/Component/Console/Application->doRunCommand(Object(Illuminate/Foundation/Console/OptimizeClearCommand), Object(Symfony/Component/Console/Input/ArgvInput), Object(Symfony/Component/Console/Output/ConsoleOutput))
#34 C:/xampp/htdocs/pelayanan psdkp/vendor/symfony/console/Application.php(195): Symfony/Component/Console/Application->doRun(Object(Symfony/Component/Console/Input/ArgvInput), Object(Symfony/Component/Console/Output/ConsoleOutput))
#35 C:/xampp/htdocs/pelayanan psdkp/vendor/laravel/framework/src/Illuminate/Foundation/Console/Kernel.php(198): Symfony/Component/Console/Application->run(Object(Symfony/Component/Console/Input/ArgvInput), Object(Symfony/Component/Console/Output/ConsoleOutput))
#36 C:/xampp/htdocs/pelayanan psdkp/vendor/laravel/framework/src/Illuminate/Foundation/Application.php(1235): Illuminate/Foundation/Console/Kernel->handle(Object(Symfony/Component/Console/Input/ArgvInput), Object(Symfony/Component/Console/Output/ConsoleOutput))
#37 C:/xampp/htdocs/pelayanan psdkp/artisan(5): Illuminate/Foundation/Application->handleCommand(Object(Symfony/Component/Console/Input/ArgvInput))
#38 {main}
"} 
[2026-09-08 02:15:46] local.ERROR: SQLSTATE[HY000]: General error: 1 no such table: sessions (Connection: sqlite, Database: C:\xampp\htdocs\pelayanan psdkp\database\database.sqlite, SQL: select * from "sessions" where "id" = PmS0HcDZ2xl3f85N1avKRqMOADx9ANaWB0Pggl65 limit 1) {"exception":"[object] (Illuminate\\Database\\QueryException(code: HY000): SQLSTATE[HY000]: General error: 1 no such table: sessions (Connection: sqlite, Database: C:\\xampp\\htdocs\\pelayanan psdkp\\database\\database.sqlite, SQL: select * from \"sessions\" where \"id\" = PmS0HcDZ2xl3f85N1avKRqMOADx9ANaWB0Pggl65 limit 1) at C:/xampp/htdocs/pelayanan psdkp/vendor/laravel/framework/src/Illuminate/Database/Connection.php:838)
[stacktrace]
#0 C:/xampp/htdocs/pelayanan psdkp/vendor/laravel/framework/src/Illuminate/Database/Connection.php(794): Illuminate/Database/Connection->runQueryCallback('select * from \"...', Array, Object(Closure))
#1 C:/xampp/htdocs/pelayanan psdkp/vendor/laravel/framework/src/Illuminate/Database/Connection.php(411): Illuminate/Database/Connection->run('select * from \"...', Array, Object(Closure))
#2 C:/xampp/htdocs/pelayanan psdkp/vendor/laravel/framework/src/Illuminate/Database/Query/Builder.php(3505): Illuminate/Database/Connection->select('select * from \"...', Array, false)
#3 C:/xampp/htdocs/pelayanan psdkp/vendor/laravel/framework/src/Illuminate/Database/Query/Builder.php(3490): Illuminate/Database/Query/Builder->runSelect()
#4 C:/xampp/htdocs/pelayanan psdkp/vendor/laravel/framework/src/Illuminate/Database/Query/Builder.php(4080): Illuminate/Database/Query/Builder->Illuminate/Database/Query/{closure}()
#5 C:/xampp/htdocs/pelayanan psdkp/vendor/laravel/framework/src/Illuminate/Database/Query/Builder.php(3489): Illuminate/Database/Query/Builder->onceWithColumns(Array, Object(Closure))
#6 C:/xampp/htdocs/pelayanan psdkp/vendor/laravel/framework/src/Illuminate/Database/Concerns/BuildsQueries.php(366): Illuminate/Database/Query/Builder->get(Array)
#7 C:/xampp/htdocs/pelayanan psdkp/vendor/laravel/framework/src/Illuminate/Database/Query/Builder.php(3412): Illuminate/Database/Query/Builder->first(Array)
#8 C:/xampp/htdocs/pelayanan psdkp/vendor/laravel/framework/src/Illuminate/Session/DatabaseSessionHandler.php(96): Illuminate/Database/Query/Builder->find('PmS0HcDZ2xl3f85...')
#9 C:/xampp/htdocs/pelayanan psdkp/vendor/laravel/framework/src/Illuminate/Session/Store.php(128): Illuminate/Session/DatabaseSessionHandler->read('PmS0HcDZ2xl3f85...')
#10 C:/xampp/htdocs/pelayanan psdkp/vendor/laravel/framework/src/Illuminate/Session/Store.php(116): Illuminate/Session/Store->readFromHandler()
#11 C:/xampp/htdocs/pelayanan psdkp/vendor/laravel/framework/src/Illuminate/Session/Store.php(100): Illuminate/Session/Store->loadSession()
#12 C:/xampp/htdocs/pelayanan psdkp/vendor/laravel/framework/src/Illuminate/Session/Middleware/StartSession.php(146): Illuminate/Session/Store->start()
#13 C:/xampp/htdocs/pelayanan psdkp/vendor/laravel/framework/src/Illuminate/Support/helpers.php(393): Illuminate/Session/Middleware/StartSession->Illuminate/Session/Middleware/{closure}(Object(Illuminate/Session/Store))
#14 C:/xampp/htdocs/pelayanan psdkp/vendor/laravel/framework/src/Illuminate/Session/Middleware/StartSession.php(143): tap(Object(Illuminate/Session/Store), Object(Closure))
#15 C:/xampp/htdocs/pelayanan psdkp/vendor/laravel/framework/src/Illuminate/Session/Middleware/StartSession.php(115): Illuminate/Session/Middleware/StartSession->startSession(Object(Illuminate/Http/Request), Object(Illuminate/Session/Store))
#16 C:/xampp/htdocs/pelayanan psdkp/vendor/laravel/framework/src/Illuminate/Session/Middleware/StartSession.php(63): Illuminate/Session/Middleware/StartSession->handleStatefulRequest(Object(Illuminate/Http/Request), Object(Illuminate/Session/Store), Object(Closure))
#17 C:/xampp/htdocs/pelayanan psdkp/vendor/laravel/framework/src/Illuminate/Pipeline/Pipeline.php(219): Illuminate/Session/Middleware/StartSession->handle(Object(Illuminate/Http/Request), Object(Closure))
#18 C:/xampp/htdocs/pelayanan psdkp/vendor/laravel/framework/src/Illuminate/Cookie/Middleware/AddQueuedCookiesToResponse.php(36): Illuminate/Pipeline/Pipeline->Illuminate/Pipeline/{closure}(Object(Illuminate/Http/Request))
#19 C:/xampp/htdocs/pelayanan psdkp/vendor/laravel/framework/src/Illuminate/Pipeline/Pipeline.php(219): Illuminate/Cookie/Middleware/AddQueuedCookiesToResponse->handle(Object(Illuminate/Http/Request), Object(Closure))
#20 C:/xampp/htdocs/pelayanan psdkp/vendor/laravel/framework/src/Illuminate/Cookie/Middleware/EncryptCookies.php(74): Illuminate/Pipeline/Pipeline->Illuminate/Pipeline/{closure}(Object(Illuminate/Http/Request))
#21 C:/xampp/htdocs/pelayanan psdkp/vendor/laravel/framework/src/Illuminate/Pipeline/Pipeline.php(219): Illuminate/Cookie/Middleware/EncryptCookies->handle(Object(Illuminate/Http/Request), Object(Closure))
#22 C:/xampp/htdocs/pelayanan psdkp/vendor/laravel/framework/src/Illuminate/Pipeline/Pipeline.php(137): Illuminate/Pipeline/Pipeline->Illuminate/Pipeline/{closure}(Object(Illuminate/Http/Request))
#23 C:/xampp/htdocs/pelayanan psdkp/vendor/laravel/framework/src/Illuminate/Routing/Router.php(821): Illuminate/Pipeline/Pipeline->then(Object(Closure))
#24 C:/xampp/htdocs/pelayanan psdkp/vendor/laravel/framework/src/Illuminate/Routing/Router.php(800): Illuminate/Routing/Router->runRouteWithinStack(Object(Illuminate/Routing/Route), Object(Illuminate/Http/Request))
#25 C:/xampp/htdocs/pelayanan psdkp/vendor/laravel/framework/src/Illuminate/Routing/Router.php(764): Illuminate/Routing/Router->runRoute(Object(Illuminate/Http/Request), Object(Illuminate/Routing/Route))
#26 C:/xampp/htdocs/pelayanan psdkp/vendor/laravel/framework/src/Illuminate/Routing/Router.php(753): Illuminate/Routing/Router->dispatchToRoute(Object(Illuminate/Http/Request))
#27 C:/xampp/htdocs/pelayanan psdkp/vendor/laravel/framework/src/Illuminate/Foundation/Http/Kernel.php(200): Illuminate/Routing/Router->dispatch(Object(Illuminate/Http/Request))
#28 C:/xampp/htdocs/pelayanan psdkp/vendor/laravel/framework/src/Illuminate/Pipeline/Pipeline.php(180): Illuminate/Foundation/Http/Kernel->Illuminate/Foundation/Http/{closure}(Object(Illuminate/Http/Request))
#29 C:/xampp/htdocs/pelayanan psdkp/vendor/laravel/framework/src/Illuminate/Foundation/Http/Middleware/TransformsRequest.php(21): Illuminate/Pipeline/Pipeline->Illuminate/Pipeline/{closure}(Object(Illuminate/Http/Request))
#30 C:/xampp/htdocs/pelayanan psdkp/vendor/laravel/framework/src/Illuminate/Foundation/Http/Middleware/ConvertEmptyStringsToNull.php(31): Illuminate/Foundation/Http/Middleware/TransformsRequest->handle(Object(Illuminate/Http/Request), Object(Closure))
#31 C:/xampp/htdocs/pelayanan psdkp/vendor/laravel/framework/src/Illuminate/Pipeline/Pipeline.php(219): Illuminate/Foundation/Http/Middleware/ConvertEmptyStringsToNull->handle(Object(Illuminate/Http/Request), Object(Closure))
#32 C:/xampp/htdocs/pelayanan psdkp/vendor/laravel/framework/src/Illuminate/Foundation/Http/Middleware/TransformsRequest.php(21): Illuminate/Pipeline/Pipeline->Illuminate/Pipeline/{closure}(Object(Illuminate/Http/Request))
#33 C:/xampp/htdocs/pelayanan psdkp/vendor/laravel/framework/src/Illuminate/Foundation/Http/Middleware/TrimStrings.php(51): Illuminate/Foundation/Http/Middleware/TransformsRequest->handle(Object(Illuminate/Http/Request), Object(Closure))
#34 C:/xampp/htdocs/pelayanan psdkp/vendor/laravel/framework/src/Illuminate/Pipeline/Pipeline.php(219): Illuminate/Foundation/Http/Middleware/TrimStrings->handle(Object(Illuminate/Http/Request), Object(Closure))
#35 C:/xampp/htdocs/pelayanan psdkp/vendor/laravel/framework/src/Illuminate/Http/Middleware/ValidatePostSize.php(27): Illuminate/Pipeline/Pipeline->Illuminate/Pipeline/{closure}(Object(Illuminate/Http/Request))
#36 C:/xampp/htdocs/pelayanan psdkp/vendor/laravel/framework/src/Illuminate/Pipeline/Pipeline.php(219): Illuminate/Http/Middleware/ValidatePostSize->handle(Object(Illuminate/Http/Request), Object(Closure))
#37 C:/xampp/htdocs/pelayanan psdkp/vendor/laravel/framework/src/Illuminate/Foundation/Http/Middleware/PreventRequestsDuringMaintenance.php(109): Illuminate/Pipeline/Pipeline->Illuminate/Pipeline/{closure}(Object(Illuminate/Http/Request))
#38 C:/xampp/htdocs/pelayanan psdkp/vendor/laravel/framework/src/Illuminate/Pipeline/Pipeline.php(219): Illuminate/Foundation/Http/Middleware/PreventRequestsDuringMaintenance->handle(Object(Illuminate/Http/Request), Object(Closure))
#39 C:/xampp/htdocs/pelayanan psdkp/vendor/laravel/framework/src/Illuminate/Http/Middleware/HandleCors.php(61): Illuminate/Pipeline/Pipeline->Illuminate/Pipeline/{closure}(Object(Illuminate/Http/Request))
#40 C:/xampp/htdocs/pelayanan psdkp/vendor/laravel/framework/src/Illuminate/Pipeline/Pipeline.php(219): Illuminate/Http/Middleware/HandleCors->handle(Object(Illuminate/Http/Request), Object(Closure))
#41 C:/xampp/htdocs/pelayanan psdkp/vendor/laravel/framework/src/Illuminate/Http/Middleware/TrustProxies.php(58): Illuminate/Pipeline/Pipeline->Illuminate/Pipeline/{closure}(Object(Illuminate/Http/Request))
#42 C:/xampp/htdocs/pelayanan psdkp/vendor/laravel/framework/src/Illuminate/Pipeline/Pipeline.php(219): Illuminate/Http/Middleware/TrustProxies->handle(Object(Illuminate/Http/Request), Object(Closure))
#43 C:/xampp/htdocs/pelayanan psdkp/vendor/laravel/framework/src/Illuminate/Foundation/Http/Middleware/InvokeDeferredCallbacks.php(22): Illuminate/Pipeline/Pipeline->Illuminate/Pipeline/{closure}(Object(Illuminate/Http/Request))
#44 C:/xampp/htdocs/pelayanan psdkp/vendor/laravel/framework/src/Illuminate/Pipeline/Pipeline.php(219): Illuminate/Foundation/Http/Middleware/InvokeDeferredCallbacks->handle(Object(Illuminate/Http/Request), Object(Closure))
#45 C:/xampp/htdocs/pelayanan psdkp/vendor/laravel/framework/src/Illuminate/Http/Middleware/ValidatePathEncoding.php(26): Illuminate/Pipeline/Pipeline->Illuminate/Pipeline/{closure}(Object(Illuminate/Http/Request))
#46 C:/xampp/htdocs/pelayanan psdkp/vendor/laravel/framework/src/Illuminate/Pipeline/Pipeline.php(219): Illuminate/Http/Middleware/ValidatePathEncoding->handle(Object(Illuminate/Http/Request), Object(Closure))
#47 C:/xampp/htdocs/pelayanan psdkp/vendor/laravel/framework/src/Illuminate/Pipeline/Pipeline.php(137): Illuminate/Pipeline/Pipeline->Illuminate/Pipeline/{closure}(Object(Illuminate/Http/Request))
#48 C:/xampp/htdocs/pelayanan psdkp/vendor/laravel/framework/src/Illuminate/Foundation/Http/Kernel.php(175): Illuminate/Pipeline/Pipeline->then(Object(Closure))
#49 C:/xampp/htdocs/pelayanan psdkp/vendor/laravel/framework/src/Illuminate/Foundation/Http/Kernel.php(144): Illuminate/Foundation/Http/Kernel->sendRequestThroughRouter(Object(Illuminate/Http/Request))
#50 C:/xampp/htdocs/pelayanan psdkp/vendor/laravel/framework/src/Illuminate/Foundation/Application.php(1220): Illuminate/Foundation/Http/Kernel->handle(Object(Illuminate/Http/Request))
#51 C:/xampp/htdocs/pelayanan psdkp/public/index.php(17): Illuminate/Foundation/Application->handleRequest(Object(Illuminate/Http/Request))
#52 C:/xampp/htdocs/pelayanan psdkp/vendor/laravel/framework/src/Illuminate/Foundation/resources/server.php(23): require_once('C://xampp//htdocs...')
#53 {main}

[previous exception] [object] (PDOException(code: HY000): SQLSTATE[HY000]: General error: 1 no such table: sessions at C:/xampp/htdocs/pelayanan psdkp/vendor/laravel/framework/src/Illuminate/Database/Connection.php:420)
[stacktrace]
#0 C:/xampp/htdocs/pelayanan psdkp/vendor/laravel/framework/src/Illuminate/Database/Connection.php(420): PDO->prepare('select * from \"...')
#1 C:/xampp/htdocs/pelayanan psdkp/vendor/laravel/framework/src/Illuminate/Database/Connection.php(827): Illuminate/Database/Connection->Illuminate/Database/{closure}('select * from \"...', Array)
#2 C:/xampp/htdocs/pelayanan psdkp/vendor/laravel/framework/src/Illuminate/Database/Connection.php(794): Illuminate/Database/Connection->runQueryCallback('select * from \"...', Array, Object(Closure))
#3 C:/xampp/htdocs/pelayanan psdkp/vendor/laravel/framework/src/Illuminate/Database/Connection.php(411): Illuminate/Database/Connection->run('select * from \"...', Array, Object(Closure))
#4 C:/xampp/htdocs/pelayanan psdkp/vendor/laravel/framework/src/Illuminate/Database/Query/Builder.php(3505): Illuminate/Database/Connection->select('select * from \"...', Array, false)
#5 C:/xampp/htdocs/pelayanan psdkp/vendor/laravel/framework/src/Illuminate/Database/Query/Builder.php(3490): Illuminate/Database/Query/Builder->runSelect()
#6 C:/xampp/htdocs/pelayanan psdkp/vendor/laravel/framework/src/Illuminate/Database/Query/Builder.php(4080): Illuminate/Database/Query/Builder->Illuminate/Database/Query/{closure}()
#7 C:/xampp/htdocs/pelayanan psdkp/vendor/laravel/framework/src/Illuminate/Database/Query/Builder.php(3489): Illuminate/Database/Query/Builder->onceWithColumns(Array, Object(Closure))
#8 C:/xampp/htdocs/pelayanan psdkp/vendor/laravel/framework/src/Illuminate/Database/Concerns/BuildsQueries.php(366): Illuminate/Database/Query/Builder->get(Array)
#9 C:/xampp/htdocs/pelayanan psdkp/vendor/laravel/framework/src/Illuminate/Database/Query/Builder.php(3412): Illuminate/Database/Query/Builder->first(Array)
#10 C:/xampp/htdocs/pelayanan psdkp/vendor/laravel/framework/src/Illuminate/Session/DatabaseSessionHandler.php(96): Illuminate/Database/Query/Builder->find('PmS0HcDZ2xl3f85...')
#11 C:/xampp/htdocs/pelayanan psdkp/vendor/laravel/framework/src/Illuminate/Session/Store.php(128): Illuminate/Session/DatabaseSessionHandler->read('PmS0HcDZ2xl3f85...')
#12 C:/xampp/htdocs/pelayanan psdkp/vendor/laravel/framework/src/Illuminate/Session/Store.php(116): Illuminate/Session/Store->readFromHandler()
#13 C:/xampp/htdocs/pelayanan psdkp/vendor/laravel/framework/src/Illuminate/Session/Store.php(100): Illuminate/Session/Store->loadSession()
#14 C:/xampp/htdocs/pelayanan psdkp/vendor/laravel/framework/src/Illuminate/Session/Middleware/StartSession.php(146): Illuminate/Session/Store->start()
#15 C:/xampp/htdocs/pelayanan psdkp/vendor/laravel/framework/src/Illuminate/Support/helpers.php(393): Illuminate/Session/Middleware/StartSession->Illuminate/Session/Middleware/{closure}(Object(Illuminate/Session/Store))
#16 C:/xampp/htdocs/pelayanan psdkp/vendor/laravel/framework/src/Illuminate/Session/Middleware/StartSession.php(143): tap(Object(Illuminate/Session/Store), Object(Closure))
#17 C:/xampp/htdocs/pelayanan psdkp/vendor/laravel/framework/src/Illuminate/Session/Middleware/StartSession.php(115): Illuminate/Session/Middleware/StartSession->startSession(Object(Illuminate/Http/Request), Object(Illuminate/Session/Store))
#18 C:/xampp/htdocs/pelayanan psdkp/vendor/laravel/framework/src/Illuminate/Session/Middleware/StartSession.php(63): Illuminate/Session/Middleware/StartSession->handleStatefulRequest(Object(Illuminate/Http/Request), Object(Illuminate/Session/Store), Object(Closure))
#19 C:/xampp/htdocs/pelayanan psdkp/vendor/laravel/framework/src/Illuminate/Pipeline/Pipeline.php(219): Illuminate/Session/Middleware/StartSession->handle(Object(Illuminate/Http/Request), Object(Closure))
#20 C:/xampp/htdocs/pelayanan psdkp/vendor/laravel/framework/src/Illuminate/Cookie/Middleware/AddQueuedCookiesToResponse.php(36): Illuminate/Pipeline/Pipeline->Illuminate/Pipeline/{closure}(Object(Illuminate/Http/Request))
#21 C:/xampp/htdocs/pelayanan psdkp/vendor/laravel/framework/src/Illuminate/Pipeline/Pipeline.php(219): Illuminate/Cookie/Middleware/AddQueuedCookiesToResponse->handle(Object(Illuminate/Http/Request), Object(Closure))
#22 C:/xampp/htdocs/pelayanan psdkp/vendor/laravel/framework/src/Illuminate/Cookie/Middleware/EncryptCookies.php(74): Illuminate/Pipeline/Pipeline->Illuminate/Pipeline/{closure}(Object(Illuminate/Http/Request))
#23 C:/xampp/htdocs/pelayanan psdkp/vendor/laravel/framework/src/Illuminate/Pipeline/Pipeline.php(219): Illuminate/Cookie/Middleware/EncryptCookies->handle(Object(Illuminate/Http/Request), Object(Closure))
#24 C:/xampp/htdocs/pelayanan psdkp/vendor/laravel/framework/src/Illuminate/Pipeline/Pipeline.php(137): Illuminate/Pipeline/Pipeline->Illuminate/Pipeline/{closure}(Object(Illuminate/Http/Request))
#25 C:/xampp/htdocs/pelayanan psdkp/vendor/laravel/framework/src/Illuminate/Routing/Router.php(821): Illuminate/Pipeline/Pipeline->then(Object(Closure))
#26 C:/xampp/htdocs/pelayanan psdkp/vendor/laravel/framework/src/Illuminate/Routing/Router.php(800): Illuminate/Routing/Router->runRouteWithinStack(Object(Illuminate/Routing/Route), Object(Illuminate/Http/Request))
#27 C:/xampp/htdocs/pelayanan psdkp/vendor/laravel/framework/src/Illuminate/Routing/Router.php(764): Illuminate/Routing/Router->runRoute(Object(Illuminate/Http/Request), Object(Illuminate/Routing/Route))
#28 C:/xampp/htdocs/pelayanan psdkp/vendor/laravel/framework/src/Illuminate/Routing/Router.php(753): Illuminate/Routing/Router->dispatchToRoute(Object(Illuminate/Http/Request))
#29 C:/xampp/htdocs/pelayanan psdkp/vendor/laravel/framework/src/Illuminate/Foundation/Http/Kernel.php(200): Illuminate/Routing/Router->dispatch(Object(Illuminate/Http/Request))
#30 C:/xampp/htdocs/pelayanan psdkp/vendor/laravel/framework/src/Illuminate/Pipeline/Pipeline.php(180): Illuminate/Foundation/Http/Kernel->Illuminate/Foundation/Http/{closure}(Object(Illuminate/Http/Request))
#31 C:/xampp/htdocs/pelayanan psdkp/vendor/laravel/framework/src/Illuminate/Foundation/Http/Middleware/TransformsRequest.php(21): Illuminate/Pipeline/Pipeline->Illuminate/Pipeline/{closure}(Object(Illuminate/Http/Request))
#32 C:/xampp/htdocs/pelayanan psdkp/vendor/laravel/framework/src/Illuminate/Foundation/Http/Middleware/ConvertEmptyStringsToNull.php(31): Illuminate/Foundation/Http/Middleware/TransformsRequest->handle(Object(Illuminate/Http/Request), Object(Closure))
#33 C:/xampp/htdocs/pelayanan psdkp/vendor/laravel/framework/src/Illuminate/Pipeline/Pipeline.php(219): Illuminate/Foundation/Http/Middleware/ConvertEmptyStringsToNull->handle(Object(Illuminate/Http/Request), Object(Closure))
#34 C:/xampp/htdocs/pelayanan psdkp/vendor/laravel/framework/src/Illuminate/Foundation/Http/Middleware/TransformsRequest.php(21): Illuminate/Pipeline/Pipeline->Illuminate/Pipeline/{closure}(Object(Illuminate/Http/Request))
#35 C:/xampp/htdocs/pelayanan psdkp/vendor/laravel/framework/src/Illuminate/Foundation/Http/Middleware/TrimStrings.php(51): Illuminate/Foundation/Http/Middleware/TransformsRequest->handle(Object(Illuminate/Http/Request), Object(Closure))
#36 C:/xampp/htdocs/pelayanan psdkp/vendor/laravel/framework/src/Illuminate/Pipeline/Pipeline.php(219): Illuminate/Foundation/Http/Middleware/TrimStrings->handle(Object(Illuminate/Http/Request), Object(Closure))
#37 C:/xampp/htdocs/pelayanan psdkp/vendor/laravel/framework/src/Illuminate/Http/Middleware/ValidatePostSize.php(27): Illuminate/Pipeline/Pipeline->Illuminate/Pipeline/{closure}(Object(Illuminate/Http/Request))
#38 C:/xampp/htdocs/pelayanan psdkp/vendor/laravel/framework/src/Illuminate/Pipeline/Pipeline.php(219): Illuminate/Http/Middleware/ValidatePostSize->handle(Object(Illuminate/Http/Request), Object(Closure))
#39 C:/xampp/htdocs/pelayanan psdkp/vendor/laravel/framework/src/Illuminate/Foundation/Http/Middleware/PreventRequestsDuringMaintenance.php(109): Illuminate/Pipeline/Pipeline->Illuminate/Pipeline/{closure}(Object(Illuminate/Http/Request))
#40 C:/xampp/htdocs/pelayanan psdkp/vendor/laravel/framework/src/Illuminate/Pipeline/Pipeline.php(219): Illuminate/Foundation/Http/Middleware/PreventRequestsDuringMaintenance->handle(Object(Illuminate/Http/Request), Object(Closure))
#41 C:/xampp/htdocs/pelayanan psdkp/vendor/laravel/framework/src/Illuminate/Http/Middleware/HandleCors.php(61): Illuminate/Pipeline/Pipeline->Illuminate/Pipeline/{closure}(Object(Illuminate/Http/Request))
#42 C:/xampp/htdocs/pelayanan psdkp/vendor/laravel/framework/src/Illuminate/Pipeline/Pipeline.php(219): Illuminate/Http/Middleware/HandleCors->handle(Object(Illuminate/Http/Request), Object(Closure))
#43 C:/xampp/htdocs/pelayanan psdkp/vendor/laravel/framework/src/Illuminate/Http/Middleware/TrustProxies.php(58): Illuminate/Pipeline/Pipeline->Illuminate/Pipeline/{closure}(Object(Illuminate/Http/Request))
#44 C:/xampp/htdocs/pelayanan psdkp/vendor/laravel/framework/src/Illuminate/Pipeline/Pipeline.php(219): Illuminate/Http/Middleware/TrustProxies->handle(Object(Illuminate/Http/Request), Object(Closure))
#45 C:/xampp/htdocs/pelayanan psdkp/vendor/laravel/framework/src/Illuminate/Foundation/Http/Middleware/InvokeDeferredCallbacks.php(22): Illuminate/Pipeline/Pipeline->Illuminate/Pipeline/{closure}(Object(Illuminate/Http/Request))
#46 C:/xampp/htdocs/pelayanan psdkp/vendor/laravel/framework/src/Illuminate/Pipeline/Pipeline.php(219): Illuminate/Foundation/Http/Middleware/InvokeDeferredCallbacks->handle(Object(Illuminate/Http/Request), Object(Closure))
#47 C:/xampp/htdocs/pelayanan psdkp/vendor/laravel/framework/src/Illuminate/Http/Middleware/ValidatePathEncoding.php(26): Illuminate/Pipeline/Pipeline->Illuminate/Pipeline/{closure}(Object(Illuminate/Http/Request))
#48 C:/xampp/htdocs/pelayanan psdkp/vendor/laravel/framework/src/Illuminate/Pipeline/Pipeline.php(219): Illuminate/Http/Middleware/ValidatePathEncoding->handle(Object(Illuminate/Http/Request), Object(Closure))
#49 C:/xampp/htdocs/pelayanan psdkp/vendor/laravel/framework/src/Illuminate/Pipeline/Pipeline.php(137): Illuminate/Pipeline/Pipeline->Illuminate/Pipeline/{closure}(Object(Illuminate/Http/Request))
#50 C:/xampp/htdocs/pelayanan psdkp/vendor/laravel/framework/src/Illuminate/Foundation/Http/Kernel.php(175): Illuminate/Pipeline/Pipeline->then(Object(Closure))
#51 C:/xampp/htdocs/pelayanan psdkp/vendor/laravel/framework/src/Illuminate/Foundation/Http/Kernel.php(144): Illuminate/Foundation/Http/Kernel->sendRequestThroughRouter(Object(Illuminate/Http/Request))
#52 C:/xampp/htdocs/pelayanan psdkp/vendor/laravel/framework/src/Illuminate/Foundation/Application.php(1220): Illuminate/Foundation/Http/Kernel->handle(Object(Illuminate/Http/Request))
#53 C:/xampp/htdocs/pelayanan psdkp/public/index.php(17): Illuminate/Foundation/Application->handleRequest(Object(Illuminate/Http/Request))
#54 C:/xampp/htdocs/pelayanan psdkp/vendor/laravel/framework/src/Illuminate/Foundation/resources/server.php(23): require_once('C://xampp//htdocs...')
#55 {main}
"} 
[2026-09-08 02:17:55] local.ERROR: SQLSTATE[HY000]: General error: 1 no such table: sessions (Connection: sqlite, Database: C:\xampp\htdocs\pelayanan psdkp\database\database.sqlite, SQL: select * from "sessions" where "id" = e0QdU99DZw17WGd2A4YQk2xkqi32kmcOnNow6iZs limit 1) {"exception":"[object] (Illuminate\\Database\\QueryException(code: HY000): SQLSTATE[HY000]: General error: 1 no such table: sessions (Connection: sqlite, Database: C:\\xampp\\htdocs\\pelayanan psdkp\\database\\database.sqlite, SQL: select * from \"sessions\" where \"id\" = e0QdU99DZw17WGd2A4YQk2xkqi32kmcOnNow6iZs limit 1) at C:/xampp/htdocs/pelayanan psdkp/vendor/laravel/framework/src/Illuminate/Database/Connection.php:838)
[stacktrace]
#0 C:/xampp/htdocs/pelayanan psdkp/vendor/laravel/framework/src/Illuminate/Database/Connection.php(794): Illuminate/Database/Connection->runQueryCallback('select * from \"...', Array, Object(Closure))
#1 C:/xampp/htdocs/pelayanan psdkp/vendor/laravel/framework/src/Illuminate/Database/Connection.php(411): Illuminate/Database/Connection->run('select * from \"...', Array, Object(Closure))
#2 C:/xampp/htdocs/pelayanan psdkp/vendor/laravel/framework/src/Illuminate/Database/Query/Builder.php(3505): Illuminate/Database/Connection->select('select * from \"...', Array, false)
#3 C:/xampp/htdocs/pelayanan psdkp/vendor/laravel/framework/src/Illuminate/Database/Query/Builder.php(3490): Illuminate/Database/Query/Builder->runSelect()
#4 C:/xampp/htdocs/pelayanan psdkp/vendor/laravel/framework/src/Illuminate/Database/Query/Builder.php(4080): Illuminate/Database/Query/Builder->Illuminate/Database/Query/{closure}()
#5 C:/xampp/htdocs/pelayanan psdkp/vendor/laravel/framework/src/Illuminate/Database/Query/Builder.php(3489): Illuminate/Database/Query/Builder->onceWithColumns(Array, Object(Closure))
#6 C:/xampp/htdocs/pelayanan psdkp/vendor/laravel/framework/src/Illuminate/Database/Concerns/BuildsQueries.php(366): Illuminate/Database/Query/Builder->get(Array)
#7 C:/xampp/htdocs/pelayanan psdkp/vendor/laravel/framework/src/Illuminate/Database/Query/Builder.php(3412): Illuminate/Database/Query/Builder->first(Array)
#8 C:/xampp/htdocs/pelayanan psdkp/vendor/laravel/framework/src/Illuminate/Session/DatabaseSessionHandler.php(96): Illuminate/Database/Query/Builder->find('e0QdU99DZw17WGd...')
#9 C:/xampp/htdocs/pelayanan psdkp/vendor/laravel/framework/src/Illuminate/Session/Store.php(128): Illuminate/Session/DatabaseSessionHandler->read('e0QdU99DZw17WGd...')
#10 C:/xampp/htdocs/pelayanan psdkp/vendor/laravel/framework/src/Illuminate/Session/Store.php(116): Illuminate/Session/Store->readFromHandler()
#11 C:/xampp/htdocs/pelayanan psdkp/vendor/laravel/framework/src/Illuminate/Session/Store.php(100): Illuminate/Session/Store->loadSession()
#12 C:/xampp/htdocs/pelayanan psdkp/vendor/laravel/framework/src/Illuminate/Session/Middleware/StartSession.php(146): Illuminate/Session/Store->start()
#13 C:/xampp/htdocs/pelayanan psdkp/vendor/laravel/framework/src/Illuminate/Support/helpers.php(393): Illuminate/Session/Middleware/StartSession->Illuminate/Session/Middleware/{closure}(Object(Illuminate/Session/Store))
#14 C:/xampp/htdocs/pelayanan psdkp/vendor/laravel/framework/src/Illuminate/Session/Middleware/StartSession.php(143): tap(Object(Illuminate/Session/Store), Object(Closure))
#15 C:/xampp/htdocs/pelayanan psdkp/vendor/laravel/framework/src/Illuminate/Session/Middleware/StartSession.php(115): Illuminate/Session/Middleware/StartSession->startSession(Object(Illuminate/Http/Request), Object(Illuminate/Session/Store))
#16 C:/xampp/htdocs/pelayanan psdkp/vendor/laravel/framework/src/Illuminate/Session/Middleware/StartSession.php(63): Illuminate/Session/Middleware/StartSession->handleStatefulRequest(Object(Illuminate/Http/Request), Object(Illuminate/Session/Store), Object(Closure))
#17 C:/xampp/htdocs/pelayanan psdkp/vendor/laravel/framework/src/Illuminate/Pipeline/Pipeline.php(219): Illuminate/Session/Middleware/StartSession->handle(Object(Illuminate/Http/Request), Object(Closure))
#18 C:/xampp/htdocs/pelayanan psdkp/vendor/laravel/framework/src/Illuminate/Cookie/Middleware/AddQueuedCookiesToResponse.php(36): Illuminate/Pipeline/Pipeline->Illuminate/Pipeline/{closure}(Object(Illuminate/Http/Request))
#19 C:/xampp/htdocs/pelayanan psdkp/vendor/laravel/framework/src/Illuminate/Pipeline/Pipeline.php(219): Illuminate/Cookie/Middleware/AddQueuedCookiesToResponse->handle(Object(Illuminate/Http/Request), Object(Closure))
#20 C:/xampp/htdocs/pelayanan psdkp/vendor/laravel/framework/src/Illuminate/Cookie/Middleware/EncryptCookies.php(74): Illuminate/Pipeline/Pipeline->Illuminate/Pipeline/{closure}(Object(Illuminate/Http/Request))
#21 C:/xampp/htdocs/pelayanan psdkp/vendor/laravel/framework/src/Illuminate/Pipeline/Pipeline.php(219): Illuminate/Cookie/Middleware/EncryptCookies->handle(Object(Illuminate/Http/Request), Object(Closure))
#22 C:/xampp/htdocs/pelayanan psdkp/vendor/laravel/framework/src/Illuminate/Pipeline/Pipeline.php(137): Illuminate/Pipeline/Pipeline->Illuminate/Pipeline/{closure}(Object(Illuminate/Http/Request))
#23 C:/xampp/htdocs/pelayanan psdkp/vendor/laravel/framework/src/Illuminate/Routing/Router.php(821): Illuminate/Pipeline/Pipeline->then(Object(Closure))
#24 C:/xampp/htdocs/pelayanan psdkp/vendor/laravel/framework/src/Illuminate/Routing/Router.php(800): Illuminate/Routing/Router->runRouteWithinStack(Object(Illuminate/Routing/Route), Object(Illuminate/Http/Request))
#25 C:/xampp/htdocs/pelayanan psdkp/vendor/laravel/framework/src/Illuminate/Routing/Router.php(764): Illuminate/Routing/Router->runRoute(Object(Illuminate/Http/Request), Object(Illuminate/Routing/Route))
#26 C:/xampp/htdocs/pelayanan psdkp/vendor/laravel/framework/src/Illuminate/Routing/Router.php(753): Illuminate/Routing/Router->dispatchToRoute(Object(Illuminate/Http/Request))
#27 C:/xampp/htdocs/pelayanan psdkp/vendor/laravel/framework/src/Illuminate/Foundation/Http/Kernel.php(200): Illuminate/Routing/Router->dispatch(Object(Illuminate/Http/Request))
#28 C:/xampp/htdocs/pelayanan psdkp/vendor/laravel/framework/src/Illuminate/Pipeline/Pipeline.php(180): Illuminate/Foundation/Http/Kernel->Illuminate/Foundation/Http/{closure}(Object(Illuminate/Http/Request))
#29 C:/xampp/htdocs/pelayanan psdkp/vendor/laravel/framework/src/Illuminate/Foundation/Http/Middleware/TransformsRequest.php(21): Illuminate/Pipeline/Pipeline->Illuminate/Pipeline/{closure}(Object(Illuminate/Http/Request))
#30 C:/xampp/htdocs/pelayanan psdkp/vendor/laravel/framework/src/Illuminate/Foundation/Http/Middleware/ConvertEmptyStringsToNull.php(31): Illuminate/Foundation/Http/Middleware/TransformsRequest->handle(Object(Illuminate/Http/Request), Object(Closure))
#31 C:/xampp/htdocs/pelayanan psdkp/vendor/laravel/framework/src/Illuminate/Pipeline/Pipeline.php(219): Illuminate/Foundation/Http/Middleware/ConvertEmptyStringsToNull->handle(Object(Illuminate/Http/Request), Object(Closure))
#32 C:/xampp/htdocs/pelayanan psdkp/vendor/laravel/framework/src/Illuminate/Foundation/Http/Middleware/TransformsRequest.php(21): Illuminate/Pipeline/Pipeline->Illuminate/Pipeline/{closure}(Object(Illuminate/Http/Request))
#33 C:/xampp/htdocs/pelayanan psdkp/vendor/laravel/framework/src/Illuminate/Foundation/Http/Middleware/TrimStrings.php(51): Illuminate/Foundation/Http/Middleware/TransformsRequest->handle(Object(Illuminate/Http/Request), Object(Closure))
#34 C:/xampp/htdocs/pelayanan psdkp/vendor/laravel/framework/src/Illuminate/Pipeline/Pipeline.php(219): Illuminate/Foundation/Http/Middleware/TrimStrings->handle(Object(Illuminate/Http/Request), Object(Closure))
#35 C:/xampp/htdocs/pelayanan psdkp/vendor/laravel/framework/src/Illuminate/Http/Middleware/ValidatePostSize.php(27): Illuminate/Pipeline/Pipeline->Illuminate/Pipeline/{closure}(Object(Illuminate/Http/Request))
#36 C:/xampp/htdocs/pelayanan psdkp/vendor/laravel/framework/src/Illuminate/Pipeline/Pipeline.php(219): Illuminate/Http/Middleware/ValidatePostSize->handle(Object(Illuminate/Http/Request), Object(Closure))
#37 C:/xampp/htdocs/pelayanan psdkp/vendor/laravel/framework/src/Illuminate/Foundation/Http/Middleware/PreventRequestsDuringMaintenance.php(109): Illuminate/Pipeline/Pipeline->Illuminate/Pipeline/{closure}(Object(Illuminate/Http/Request))
#38 C:/xampp/htdocs/pelayanan psdkp/vendor/laravel/framework/src/Illuminate/Pipeline/Pipeline.php(219): Illuminate/Foundation/Http/Middleware/PreventRequestsDuringMaintenance->handle(Object(Illuminate/Http/Request), Object(Closure))
#39 C:/xampp/htdocs/pelayanan psdkp/vendor/laravel/framework/src/Illuminate/Http/Middleware/HandleCors.php(61): Illuminate/Pipeline/Pipeline->Illuminate/Pipeline/{closure}(Object(Illuminate/Http/Request))
#40 C:/xampp/htdocs/pelayanan psdkp/vendor/laravel/framework/src/Illuminate/Pipeline/Pipeline.php(219): Illuminate/Http/Middleware/HandleCors->handle(Object(Illuminate/Http/Request), Object(Closure))
#41 C:/xampp/htdocs/pelayanan psdkp/vendor/laravel/framework/src/Illuminate/Http/Middleware/TrustProxies.php(58): Illuminate/Pipeline/Pipeline->Illuminate/Pipeline/{closure}(Object(Illuminate/Http/Request))
#42 C:/xampp/htdocs/pelayanan psdkp/vendor/laravel/framework/src/Illuminate/Pipeline/Pipeline.php(219): Illuminate/Http/Middleware/TrustProxies->handle(Object(Illuminate/Http/Request), Object(Closure))
#43 C:/xampp/htdocs/pelayanan psdkp/vendor/laravel/framework/src/Illuminate/Foundation/Http/Middleware/InvokeDeferredCallbacks.php(22): Illuminate/Pipeline/Pipeline->Illuminate/Pipeline/{closure}(Object(Illuminate/Http/Request))
#44 C:/xampp/htdocs/pelayanan psdkp/vendor/laravel/framework/src/Illuminate/Pipeline/Pipeline.php(219): Illuminate/Foundation/Http/Middleware/InvokeDeferredCallbacks->handle(Object(Illuminate/Http/Request), Object(Closure))
#45 C:/xampp/htdocs/pelayanan psdkp/vendor/laravel/framework/src/Illuminate/Http/Middleware/ValidatePathEncoding.php(26): Illuminate/Pipeline/Pipeline->Illuminate/Pipeline/{closure}(Object(Illuminate/Http/Request))
#46 C:/xampp/htdocs/pelayanan psdkp/vendor/laravel/framework/src/Illuminate/Pipeline/Pipeline.php(219): Illuminate/Http/Middleware/ValidatePathEncoding->handle(Object(Illuminate/Http/Request), Object(Closure))
#47 C:/xampp/htdocs/pelayanan psdkp/vendor/laravel/framework/src/Illuminate/Pipeline/Pipeline.php(137): Illuminate/Pipeline/Pipeline->Illuminate/Pipeline/{closure}(Object(Illuminate/Http/Request))
#48 C:/xampp/htdocs/pelayanan psdkp/vendor/laravel/framework/src/Illuminate/Foundation/Http/Kernel.php(175): Illuminate/Pipeline/Pipeline->then(Object(Closure))
#49 C:/xampp/htdocs/pelayanan psdkp/vendor/laravel/framework/src/Illuminate/Foundation/Http/Kernel.php(144): Illuminate/Foundation/Http/Kernel->sendRequestThroughRouter(Object(Illuminate/Http/Request))
#50 C:/xampp/htdocs/pelayanan psdkp/vendor/laravel/framework/src/Illuminate/Foundation/Application.php(1220): Illuminate/Foundation/Http/Kernel->handle(Object(Illuminate/Http/Request))
#51 C:/xampp/htdocs/pelayanan psdkp/public/index.php(17): Illuminate/Foundation/Application->handleRequest(Object(Illuminate/Http/Request))
#52 C:/xampp/htdocs/pelayanan psdkp/vendor/laravel/framework/src/Illuminate/Foundation/resources/server.php(23): require_once('C://xampp//htdocs...')
#53 {main}

[previous exception] [object] (PDOException(code: HY000): SQLSTATE[HY000]: General error: 1 no such table: sessions at C:/xampp/htdocs/pelayanan psdkp/vendor/laravel/framework/src/Illuminate/Database/Connection.php:420)
[stacktrace]
#0 C:/xampp/htdocs/pelayanan psdkp/vendor/laravel/framework/src/Illuminate/Database/Connection.php(420): PDO->prepare('select * from \"...')
#1 C:/xampp/htdocs/pelayanan psdkp/vendor/laravel/framework/src/Illuminate/Database/Connection.php(827): Illuminate/Database/Connection->Illuminate/Database/{closure}('select * from \"...', Array)
#2 C:/xampp/htdocs/pelayanan psdkp/vendor/laravel/framework/src/Illuminate/Database/Connection.php(794): Illuminate/Database/Connection->runQueryCallback('select * from \"...', Array, Object(Closure))
#3 C:/xampp/htdocs/pelayanan psdkp/vendor/laravel/framework/src/Illuminate/Database/Connection.php(411): Illuminate/Database/Connection->run('select * from \"...', Array, Object(Closure))
#4 C:/xampp/htdocs/pelayanan psdkp/vendor/laravel/framework/src/Illuminate/Database/Query/Builder.php(3505): Illuminate/Database/Connection->select('select * from \"...', Array, false)
#5 C:/xampp/htdocs/pelayanan psdkp/vendor/laravel/framework/src/Illuminate/Database/Query/Builder.php(3490): Illuminate/Database/Query/Builder->runSelect()
#6 C:/xampp/htdocs/pelayanan psdkp/vendor/laravel/framework/src/Illuminate/Database/Query/Builder.php(4080): Illuminate/Database/Query/Builder->Illuminate/Database/Query/{closure}()
#7 C:/xampp/htdocs/pelayanan psdkp/vendor/laravel/framework/src/Illuminate/Database/Query/Builder.php(3489): Illuminate/Database/Query/Builder->onceWithColumns(Array, Object(Closure))
#8 C:/xampp/htdocs/pelayanan psdkp/vendor/laravel/framework/src/Illuminate/Database/Concerns/BuildsQueries.php(366): Illuminate/Database/Query/Builder->get(Array)
#9 C:/xampp/htdocs/pelayanan psdkp/vendor/laravel/framework/src/Illuminate/Database/Query/Builder.php(3412): Illuminate/Database/Query/Builder->first(Array)
#10 C:/xampp/htdocs/pelayanan psdkp/vendor/laravel/framework/src/Illuminate/Session/DatabaseSessionHandler.php(96): Illuminate/Database/Query/Builder->find('e0QdU99DZw17WGd...')
#11 C:/xampp/htdocs/pelayanan psdkp/vendor/laravel/framework/src/Illuminate/Session/Store.php(128): Illuminate/Session/DatabaseSessionHandler->read('e0QdU99DZw17WGd...')
#12 C:/xampp/htdocs/pelayanan psdkp/vendor/laravel/framework/src/Illuminate/Session/Store.php(116): Illuminate/Session/Store->readFromHandler()
#13 C:/xampp/htdocs/pelayanan psdkp/vendor/laravel/framework/src/Illuminate/Session/Store.php(100): Illuminate/Session/Store->loadSession()
#14 C:/xampp/htdocs/pelayanan psdkp/vendor/laravel/framework/src/Illuminate/Session/Middleware/StartSession.php(146): Illuminate/Session/Store->start()
#15 C:/xampp/htdocs/pelayanan psdkp/vendor/laravel/framework/src/Illuminate/Support/helpers.php(393): Illuminate/Session/Middleware/StartSession->Illuminate/Session/Middleware/{closure}(Object(Illuminate/Session/Store))
#16 C:/xampp/htdocs/pelayanan psdkp/vendor/laravel/framework/src/Illuminate/Session/Middleware/StartSession.php(143): tap(Object(Illuminate/Session/Store), Object(Closure))
#17 C:/xampp/htdocs/pelayanan psdkp/vendor/laravel/framework/src/Illuminate/Session/Middleware/StartSession.php(115): Illuminate/Session/Middleware/StartSession->startSession(Object(Illuminate/Http/Request), Object(Illuminate/Session/Store))
#18 C:/xampp/htdocs/pelayanan psdkp/vendor/laravel/framework/src/Illuminate/Session/Middleware/StartSession.php(63): Illuminate/Session/Middleware/StartSession->handleStatefulRequest(Object(Illuminate/Http/Request), Object(Illuminate/Session/Store), Object(Closure))
#19 C:/xampp/htdocs/pelayanan psdkp/vendor/laravel/framework/src/Illuminate/Pipeline/Pipeline.php(219): Illuminate/Session/Middleware/StartSession->handle(Object(Illuminate/Http/Request), Object(Closure))
#20 C:/xampp/htdocs/pelayanan psdkp/vendor/laravel/framework/src/Illuminate/Cookie/Middleware/AddQueuedCookiesToResponse.php(36): Illuminate/Pipeline/Pipeline->Illuminate/Pipeline/{closure}(Object(Illuminate/Http/Request))
#21 C:/xampp/htdocs/pelayanan psdkp/vendor/laravel/framework/src/Illuminate/Pipeline/Pipeline.php(219): Illuminate/Cookie/Middleware/AddQueuedCookiesToResponse->handle(Object(Illuminate/Http/Request), Object(Closure))
#22 C:/xampp/htdocs/pelayanan psdkp/vendor/laravel/framework/src/Illuminate/Cookie/Middleware/EncryptCookies.php(74): Illuminate/Pipeline/Pipeline->Illuminate/Pipeline/{closure}(Object(Illuminate/Http/Request))
#23 C:/xampp/htdocs/pelayanan psdkp/vendor/laravel/framework/src/Illuminate/Pipeline/Pipeline.php(219): Illuminate/Cookie/Middleware/EncryptCookies->handle(Object(Illuminate/Http/Request), Object(Closure))
#24 C:/xampp/htdocs/pelayanan psdkp/vendor/laravel/framework/src/Illuminate/Pipeline/Pipeline.php(137): Illuminate/Pipeline/Pipeline->Illuminate/Pipeline/{closure}(Object(Illuminate/Http/Request))
#25 C:/xampp/htdocs/pelayanan psdkp/vendor/laravel/framework/src/Illuminate/Routing/Router.php(821): Illuminate/Pipeline/Pipeline->then(Object(Closure))
#26 C:/xampp/htdocs/pelayanan psdkp/vendor/laravel/framework/src/Illuminate/Routing/Router.php(800): Illuminate/Routing/Router->runRouteWithinStack(Object(Illuminate/Routing/Route), Object(Illuminate/Http/Request))
#27 C:/xampp/htdocs/pelayanan psdkp/vendor/laravel/framework/src/Illuminate/Routing/Router.php(764): Illuminate/Routing/Router->runRoute(Object(Illuminate/Http/Request), Object(Illuminate/Routing/Route))
#28 C:/xampp/htdocs/pelayanan psdkp/vendor/laravel/framework/src/Illuminate/Routing/Router.php(753): Illuminate/Routing/Router->dispatchToRoute(Object(Illuminate/Http/Request))
#29 C:/xampp/htdocs/pelayanan psdkp/vendor/laravel/framework/src/Illuminate/Foundation/Http/Kernel.php(200): Illuminate/Routing/Router->dispatch(Object(Illuminate/Http/Request))
#30 C:/xampp/htdocs/pelayanan psdkp/vendor/laravel/framework/src/Illuminate/Pipeline/Pipeline.php(180): Illuminate/Foundation/Http/Kernel->Illuminate/Foundation/Http/{closure}(Object(Illuminate/Http/Request))
#31 C:/xampp/htdocs/pelayanan psdkp/vendor/laravel/framework/src/Illuminate/Foundation/Http/Middleware/TransformsRequest.php(21): Illuminate/Pipeline/Pipeline->Illuminate/Pipeline/{closure}(Object(Illuminate/Http/Request))
#32 C:/xampp/htdocs/pelayanan psdkp/vendor/laravel/framework/src/Illuminate/Foundation/Http/Middleware/ConvertEmptyStringsToNull.php(31): Illuminate/Foundation/Http/Middleware/TransformsRequest->handle(Object(Illuminate/Http/Request), Object(Closure))
#33 C:/xampp/htdocs/pelayanan psdkp/vendor/laravel/framework/src/Illuminate/Pipeline/Pipeline.php(219): Illuminate/Foundation/Http/Middleware/ConvertEmptyStringsToNull->handle(Object(Illuminate/Http/Request), Object(Closure))
#34 C:/xampp/htdocs/pelayanan psdkp/vendor/laravel/framework/src/Illuminate/Foundation/Http/Middleware/TransformsRequest.php(21): Illuminate/Pipeline/Pipeline->Illuminate/Pipeline/{closure}(Object(Illuminate/Http/Request))
#35 C:/xampp/htdocs/pelayanan psdkp/vendor/laravel/framework/src/Illuminate/Foundation/Http/Middleware/TrimStrings.php(51): Illuminate/Foundation/Http/Middleware/TransformsRequest->handle(Object(Illuminate/Http/Request), Object(Closure))
#36 C:/xampp/htdocs/pelayanan psdkp/vendor/laravel/framework/src/Illuminate/Pipeline/Pipeline.php(219): Illuminate/Foundation/Http/Middleware/TrimStrings->handle(Object(Illuminate/Http/Request), Object(Closure))
#37 C:/xampp/htdocs/pelayanan psdkp/vendor/laravel/framework/src/Illuminate/Http/Middleware/ValidatePostSize.php(27): Illuminate/Pipeline/Pipeline->Illuminate/Pipeline/{closure}(Object(Illuminate/Http/Request))
#38 C:/xampp/htdocs/pelayanan psdkp/vendor/laravel/framework/src/Illuminate/Pipeline/Pipeline.php(219): Illuminate/Http/Middleware/ValidatePostSize->handle(Object(Illuminate/Http/Request), Object(Closure))
#39 C:/xampp/htdocs/pelayanan psdkp/vendor/laravel/framework/src/Illuminate/Foundation/Http/Middleware/PreventRequestsDuringMaintenance.php(109): Illuminate/Pipeline/Pipeline->Illuminate/Pipeline/{closure}(Object(Illuminate/Http/Request))
#40 C:/xampp/htdocs/pelayanan psdkp/vendor/laravel/framework/src/Illuminate/Pipeline/Pipeline.php(219): Illuminate/Foundation/Http/Middleware/PreventRequestsDuringMaintenance->handle(Object(Illuminate/Http/Request), Object(Closure))
#41 C:/xampp/htdocs/pelayanan psdkp/vendor/laravel/framework/src/Illuminate/Http/Middleware/HandleCors.php(61): Illuminate/Pipeline/Pipeline->Illuminate/Pipeline/{closure}(Object(Illuminate/Http/Request))
#42 C:/xampp/htdocs/pelayanan psdkp/vendor/laravel/framework/src/Illuminate/Pipeline/Pipeline.php(219): Illuminate/Http/Middleware/HandleCors->handle(Object(Illuminate/Http/Request), Object(Closure))
#43 C:/xampp/htdocs/pelayanan psdkp/vendor/laravel/framework/src/Illuminate/Http/Middleware/TrustProxies.php(58): Illuminate/Pipeline/Pipeline->Illuminate/Pipeline/{closure}(Object(Illuminate/Http/Request))
#44 C:/xampp/htdocs/pelayanan psdkp/vendor/laravel/framework/src/Illuminate/Pipeline/Pipeline.php(219): Illuminate/Http/Middleware/TrustProxies->handle(Object(Illuminate/Http/Request), Object(Closure))
#45 C:/xampp/htdocs/pelayanan psdkp/vendor/laravel/framework/src/Illuminate/Foundation/Http/Middleware/InvokeDeferredCallbacks.php(22): Illuminate/Pipeline/Pipeline->Illuminate/Pipeline/{closure}(Object(Illuminate/Http/Request))
#46 C:/xampp/htdocs/pelayanan psdkp/vendor/laravel/framework/src/Illuminate/Pipeline/Pipeline.php(219): Illuminate/Foundation/Http/Middleware/InvokeDeferredCallbacks->handle(Object(Illuminate/Http/Request), Object(Closure))
#47 C:/xampp/htdocs/pelayanan psdkp/vendor/laravel/framework/src/Illuminate/Http/Middleware/ValidatePathEncoding.php(26): Illuminate/Pipeline/Pipeline->Illuminate/Pipeline/{closure}(Object(Illuminate/Http/Request))
#48 C:/xampp/htdocs/pelayanan psdkp/vendor/laravel/framework/src/Illuminate/Pipeline/Pipeline.php(219): Illuminate/Http/Middleware/ValidatePathEncoding->handle(Object(Illuminate/Http/Request), Object(Closure))
#49 C:/xampp/htdocs/pelayanan psdkp/vendor/laravel/framework/src/Illuminate/Pipeline/Pipeline.php(137): Illuminate/Pipeline/Pipeline->Illuminate/Pipeline/{closure}(Object(Illuminate/Http/Request))
#50 C:/xampp/htdocs/pelayanan psdkp/vendor/laravel/framework/src/Illuminate/Foundation/Http/Kernel.php(175): Illuminate/Pipeline/Pipeline->then(Object(Closure))
#51 C:/xampp/htdocs/pelayanan psdkp/vendor/laravel/framework/src/Illuminate/Foundation/Http/Kernel.php(144): Illuminate/Foundation/Http/Kernel->sendRequestThroughRouter(Object(Illuminate/Http/Request))
#52 C:/xampp/htdocs/pelayanan psdkp/vendor/laravel/framework/src/Illuminate/Foundation/Application.php(1220): Illuminate/Foundation/Http/Kernel->handle(Object(Illuminate/Http/Request))
#53 C:/xampp/htdocs/pelayanan psdkp/public/index.php(17): Illuminate/Foundation/Application->handleRequest(Object(Illuminate/Http/Request))
#54 C:/xampp/htdocs/pelayanan psdkp/vendor/laravel/framework/src/Illuminate/Foundation/resources/server.php(23): require_once('C://xampp//htdocs...')
#55 {main}
"} 
[2026-09-08 02:41:31] local.ERROR: Class "App\Http\Controllers\Controller" not found {"exception":"[object] (Error(code: 0): Class \"App\\Http\\Controllers\\Controller\" not found at C:/xampp/htdocs/pelayanan psdkp/app/Http/Controllers/DashboardController.php:3)
[stacktrace]
#0 C:/xampp/htdocs/pelayanan psdkp/vendor/composer/ClassLoader.php(576): include()
#1 C:/xampp/htdocs/pelayanan psdkp/vendor/composer/ClassLoader.php(427): Composer/Autoload/{closure}('C://xampp//htdocs...')
#2 [internal function]: Composer/Autoload/ClassLoader->loadClass('App//Http//Contro...')
#3 C:/xampp/htdocs/pelayanan psdkp/vendor/laravel/framework/src/Illuminate/Routing/Route.php(1125): is_a('App//Http//Contro...', 'Illuminate//Rout...', true)
#4 C:/xampp/htdocs/pelayanan psdkp/vendor/laravel/framework/src/Illuminate/Routing/Route.php(1062): Illuminate/Routing/Route->controllerMiddleware()
#5 C:/xampp/htdocs/pelayanan psdkp/vendor/laravel/framework/src/Illuminate/Routing/Router.php(834): Illuminate/Routing/Route->gatherMiddleware()
#6 C:/xampp/htdocs/pelayanan psdkp/vendor/laravel/framework/src/Illuminate/Routing/Router.php(816): Illuminate/Routing/Router->gatherRouteMiddleware(Object(Illuminate/Routing/Route))
#7 C:/xampp/htdocs/pelayanan psdkp/vendor/laravel/framework/src/Illuminate/Routing/Router.php(800): Illuminate/Routing/Router->runRouteWithinStack(Object(Illuminate/Routing/Route), Object(Illuminate/Http/Request))
#8 C:/xampp/htdocs/pelayanan psdkp/vendor/laravel/framework/src/Illuminate/Routing/Router.php(764): Illuminate/Routing/Router->runRoute(Object(Illuminate/Http/Request), Object(Illuminate/Routing/Route))
#9 C:/xampp/htdocs/pelayanan psdkp/vendor/laravel/framework/src/Illuminate/Routing/Router.php(753): Illuminate/Routing/Router->dispatchToRoute(Object(Illuminate/Http/Request))
#10 C:/xampp/htdocs/pelayanan psdkp/vendor/laravel/framework/src/Illuminate/Foundation/Http/Kernel.php(200): Illuminate/Routing/Router->dispatch(Object(Illuminate/Http/Request))
#11 C:/xampp/htdocs/pelayanan psdkp/vendor/laravel/framework/src/Illuminate/Pipeline/Pipeline.php(180): Illuminate/Foundation/Http/Kernel->Illuminate/Foundation/Http/{closure}(Object(Illuminate/Http/Request))
#12 C:/xampp/htdocs/pelayanan psdkp/vendor/laravel/framework/src/Illuminate/Foundation/Http/Middleware/TransformsRequest.php(21): Illuminate/Pipeline/Pipeline->Illuminate/Pipeline/{closure}(Object(Illuminate/Http/Request))
#13 C:/xampp/htdocs/pelayanan psdkp/vendor/laravel/framework/src/Illuminate/Foundation/Http/Middleware/ConvertEmptyStringsToNull.php(31): Illuminate/Foundation/Http/Middleware/TransformsRequest->handle(Object(Illuminate/Http/Request), Object(Closure))
#14 C:/xampp/htdocs/pelayanan psdkp/vendor/laravel/framework/src/Illuminate/Pipeline/Pipeline.php(219): Illuminate/Foundation/Http/Middleware/ConvertEmptyStringsToNull->handle(Object(Illuminate/Http/Request), Object(Closure))
#15 C:/xampp/htdocs/pelayanan psdkp/vendor/laravel/framework/src/Illuminate/Foundation/Http/Middleware/TransformsRequest.php(21): Illuminate/Pipeline/Pipeline->Illuminate/Pipeline/{closure}(Object(Illuminate/Http/Request))
#16 C:/xampp/htdocs/pelayanan psdkp/vendor/laravel/framework/src/Illuminate/Foundation/Http/Middleware/TrimStrings.php(51): Illuminate/Foundation/Http/Middleware/TransformsRequest->handle(Object(Illuminate/Http/Request), Object(Closure))
#17 C:/xampp/htdocs/pelayanan psdkp/vendor/laravel/framework/src/Illuminate/Pipeline/Pipeline.php(219): Illuminate/Foundation/Http/Middleware/TrimStrings->handle(Object(Illuminate/Http/Request), Object(Closure))
#18 C:/xampp/htdocs/pelayanan psdkp/vendor/laravel/framework/src/Illuminate/Http/Middleware/ValidatePostSize.php(27): Illuminate/Pipeline/Pipeline->Illuminate/Pipeline/{closure}(Object(Illuminate/Http/Request))
#19 C:/xampp/htdocs/pelayanan psdkp/vendor/laravel/framework/src/Illuminate/Pipeline/Pipeline.php(219): Illuminate/Http/Middleware/ValidatePostSize->handle(Object(Illuminate/Http/Request), Object(Closure))
#20 C:/xampp/htdocs/pelayanan psdkp/vendor/laravel/framework/src/Illuminate/Foundation/Http/Middleware/PreventRequestsDuringMaintenance.php(109): Illuminate/Pipeline/Pipeline->Illuminate/Pipeline/{closure}(Object(Illuminate/Http/Request))
#21 C:/xampp/htdocs/pelayanan psdkp/vendor/laravel/framework/src/Illuminate/Pipeline/Pipeline.php(219): Illuminate/Foundation/Http/Middleware/PreventRequestsDuringMaintenance->handle(Object(Illuminate/Http/Request), Object(Closure))
#22 C:/xampp/htdocs/pelayanan psdkp/vendor/laravel/framework/src/Illuminate/Http/Middleware/HandleCors.php(61): Illuminate/Pipeline/Pipeline->Illuminate/Pipeline/{closure}(Object(Illuminate/Http/Request))
#23 C:/xampp/htdocs/pelayanan psdkp/vendor/laravel/framework/src/Illuminate/Pipeline/Pipeline.php(219): Illuminate/Http/Middleware/HandleCors->handle(Object(Illuminate/Http/Request), Object(Closure))
#24 C:/xampp/htdocs/pelayanan psdkp/vendor/laravel/framework/src/Illuminate/Http/Middleware/TrustProxies.php(58): Illuminate/Pipeline/Pipeline->Illuminate/Pipeline/{closure}(Object(Illuminate/Http/Request))
#25 C:/xampp/htdocs/pelayanan psdkp/vendor/laravel/framework/src/Illuminate/Pipeline/Pipeline.php(219): Illuminate/Http/Middleware/TrustProxies->handle(Object(Illuminate/Http/Request), Object(Closure))
#26 C:/xampp/htdocs/pelayanan psdkp/vendor/laravel/framework/src/Illuminate/Foundation/Http/Middleware/InvokeDeferredCallbacks.php(22): Illuminate/Pipeline/Pipeline->Illuminate/Pipeline/{closure}(Object(Illuminate/Http/Request))
#27 C:/xampp/htdocs/pelayanan psdkp/vendor/laravel/framework/src/Illuminate/Pipeline/Pipeline.php(219): Illuminate/Foundation/Http/Middleware/InvokeDeferredCallbacks->handle(Object(Illuminate/Http/Request), Object(Closure))
#28 C:/xampp/htdocs/pelayanan psdkp/vendor/laravel/framework/src/Illuminate/Http/Middleware/ValidatePathEncoding.php(26): Illuminate/Pipeline/Pipeline->Illuminate/Pipeline/{closure}(Object(Illuminate/Http/Request))
#29 C:/xampp/htdocs/pelayanan psdkp/vendor/laravel/framework/src/Illuminate/Pipeline/Pipeline.php(219): Illuminate/Http/Middleware/ValidatePathEncoding->handle(Object(Illuminate/Http/Request), Object(Closure))
#30 C:/xampp/htdocs/pelayanan psdkp/vendor/laravel/framework/src/Illuminate/Pipeline/Pipeline.php(137): Illuminate/Pipeline/Pipeline->Illuminate/Pipeline/{closure}(Object(Illuminate/Http/Request))
#31 C:/xampp/htdocs/pelayanan psdkp/vendor/laravel/framework/src/Illuminate/Foundation/Http/Kernel.php(175): Illuminate/Pipeline/Pipeline->then(Object(Closure))
#32 C:/xampp/htdocs/pelayanan psdkp/vendor/laravel/framework/src/Illuminate/Foundation/Http/Kernel.php(144): Illuminate/Foundation/Http/Kernel->sendRequestThroughRouter(Object(Illuminate/Http/Request))
#33 C:/xampp/htdocs/pelayanan psdkp/vendor/laravel/framework/src/Illuminate/Foundation/Application.php(1220): Illuminate/Foundation/Http/Kernel->handle(Object(Illuminate/Http/Request))
#34 C:/xampp/htdocs/pelayanan psdkp/public/index.php(17): Illuminate/Foundation/Application->handleRequest(Object(Illuminate/Http/Request))
#35 C:/xampp/htdocs/pelayanan psdkp/vendor/laravel/framework/src/Illuminate/Foundation/resources/server.php(23): require_once('C://xampp//htdocs...')
#36 {main}
"} 
[2026-09-08 02:43:22] local.ERROR: Class "App\Http\Controllers\Controller" not found {"exception":"[object] (Error(code: 0): Class \"App\\Http\\Controllers\\Controller\" not found at C:/xampp/htdocs/pelayanan psdkp/app/Http/Controllers/DashboardController.php:3)
[stacktrace]
#0 C:/xampp/htdocs/pelayanan psdkp/vendor/composer/ClassLoader.php(576): include()
#1 C:/xampp/htdocs/pelayanan psdkp/vendor/composer/ClassLoader.php(427): Composer/Autoload/{closure}('C://xampp//htdocs...')
#2 [internal function]: Composer/Autoload/ClassLoader->loadClass('App//Http//Contro...')
#3 C:/xampp/htdocs/pelayanan psdkp/vendor/laravel/framework/src/Illuminate/Routing/Route.php(1125): is_a('App//Http//Contro...', 'Illuminate//Rout...', true)
#4 C:/xampp/htdocs/pelayanan psdkp/vendor/laravel/framework/src/Illuminate/Routing/Route.php(1062): Illuminate/Routing/Route->controllerMiddleware()
#5 C:/xampp/htdocs/pelayanan psdkp/vendor/laravel/framework/src/Illuminate/Routing/Router.php(834): Illuminate/Routing/Route->gatherMiddleware()
#6 C:/xampp/htdocs/pelayanan psdkp/vendor/laravel/framework/src/Illuminate/Routing/Router.php(816): Illuminate/Routing/Router->gatherRouteMiddleware(Object(Illuminate/Routing/Route))
#7 C:/xampp/htdocs/pelayanan psdkp/vendor/laravel/framework/src/Illuminate/Routing/Router.php(800): Illuminate/Routing/Router->runRouteWithinStack(Object(Illuminate/Routing/Route), Object(Illuminate/Http/Request))
#8 C:/xampp/htdocs/pelayanan psdkp/vendor/laravel/framework/src/Illuminate/Routing/Router.php(764): Illuminate/Routing/Router->runRoute(Object(Illuminate/Http/Request), Object(Illuminate/Routing/Route))
#9 C:/xampp/htdocs/pelayanan psdkp/vendor/laravel/framework/src/Illuminate/Routing/Router.php(753): Illuminate/Routing/Router->dispatchToRoute(Object(Illuminate/Http/Request))
#10 C:/xampp/htdocs/pelayanan psdkp/vendor/laravel/framework/src/Illuminate/Foundation/Http/Kernel.php(200): Illuminate/Routing/Router->dispatch(Object(Illuminate/Http/Request))
#11 C:/xampp/htdocs/pelayanan psdkp/vendor/laravel/framework/src/Illuminate/Pipeline/Pipeline.php(180): Illuminate/Foundation/Http/Kernel->Illuminate/Foundation/Http/{closure}(Object(Illuminate/Http/Request))
#12 C:/xampp/htdocs/pelayanan psdkp/vendor/laravel/framework/src/Illuminate/Foundation/Http/Middleware/TransformsRequest.php(21): Illuminate/Pipeline/Pipeline->Illuminate/Pipeline/{closure}(Object(Illuminate/Http/Request))
#13 C:/xampp/htdocs/pelayanan psdkp/vendor/laravel/framework/src/Illuminate/Foundation/Http/Middleware/ConvertEmptyStringsToNull.php(31): Illuminate/Foundation/Http/Middleware/TransformsRequest->handle(Object(Illuminate/Http/Request), Object(Closure))
#14 C:/xampp/htdocs/pelayanan psdkp/vendor/laravel/framework/src/Illuminate/Pipeline/Pipeline.php(219): Illuminate/Foundation/Http/Middleware/ConvertEmptyStringsToNull->handle(Object(Illuminate/Http/Request), Object(Closure))
#15 C:/xampp/htdocs/pelayanan psdkp/vendor/laravel/framework/src/Illuminate/Foundation/Http/Middleware/TransformsRequest.php(21): Illuminate/Pipeline/Pipeline->Illuminate/Pipeline/{closure}(Object(Illuminate/Http/Request))
#16 C:/xampp/htdocs/pelayanan psdkp/vendor/laravel/framework/src/Illuminate/Foundation/Http/Middleware/TrimStrings.php(51): Illuminate/Foundation/Http/Middleware/TransformsRequest->handle(Object(Illuminate/Http/Request), Object(Closure))
#17 C:/xampp/htdocs/pelayanan psdkp/vendor/laravel/framework/src/Illuminate/Pipeline/Pipeline.php(219): Illuminate/Foundation/Http/Middleware/TrimStrings->handle(Object(Illuminate/Http/Request), Object(Closure))
#18 C:/xampp/htdocs/pelayanan psdkp/vendor/laravel/framework/src/Illuminate/Http/Middleware/ValidatePostSize.php(27): Illuminate/Pipeline/Pipeline->Illuminate/Pipeline/{closure}(Object(Illuminate/Http/Request))
#19 C:/xampp/htdocs/pelayanan psdkp/vendor/laravel/framework/src/Illuminate/Pipeline/Pipeline.php(219): Illuminate/Http/Middleware/ValidatePostSize->handle(Object(Illuminate/Http/Request), Object(Closure))
#20 C:/xampp/htdocs/pelayanan psdkp/vendor/laravel/framework/src/Illuminate/Foundation/Http/Middleware/PreventRequestsDuringMaintenance.php(109): Illuminate/Pipeline/Pipeline->Illuminate/Pipeline/{closure}(Object(Illuminate/Http/Request))
#21 C:/xampp/htdocs/pelayanan psdkp/vendor/laravel/framework/src/Illuminate/Pipeline/Pipeline.php(219): Illuminate/Foundation/Http/Middleware/PreventRequestsDuringMaintenance->handle(Object(Illuminate/Http/Request), Object(Closure))
#22 C:/xampp/htdocs/pelayanan psdkp/vendor/laravel/framework/src/Illuminate/Http/Middleware/HandleCors.php(61): Illuminate/Pipeline/Pipeline->Illuminate/Pipeline/{closure}(Object(Illuminate/Http/Request))
#23 C:/xampp/htdocs/pelayanan psdkp/vendor/laravel/framework/src/Illuminate/Pipeline/Pipeline.php(219): Illuminate/Http/Middleware/HandleCors->handle(Object(Illuminate/Http/Request), Object(Closure))
#24 C:/xampp/htdocs/pelayanan psdkp/vendor/laravel/framework/src/Illuminate/Http/Middleware/TrustProxies.php(58): Illuminate/Pipeline/Pipeline->Illuminate/Pipeline/{closure}(Object(Illuminate/Http/Request))
#25 C:/xampp/htdocs/pelayanan psdkp/vendor/laravel/framework/src/Illuminate/Pipeline/Pipeline.php(219): Illuminate/Http/Middleware/TrustProxies->handle(Object(Illuminate/Http/Request), Object(Closure))
#26 C:/xampp/htdocs/pelayanan psdkp/vendor/laravel/framework/src/Illuminate/Foundation/Http/Middleware/InvokeDeferredCallbacks.php(22): Illuminate/Pipeline/Pipeline->Illuminate/Pipeline/{closure}(Object(Illuminate/Http/Request))
#27 C:/xampp/htdocs/pelayanan psdkp/vendor/laravel/framework/src/Illuminate/Pipeline/Pipeline.php(219): Illuminate/Foundation/Http/Middleware/InvokeDeferredCallbacks->handle(Object(Illuminate/Http/Request), Object(Closure))
#28 C:/xampp/htdocs/pelayanan psdkp/vendor/laravel/framework/src/Illuminate/Http/Middleware/ValidatePathEncoding.php(26): Illuminate/Pipeline/Pipeline->Illuminate/Pipeline/{closure}(Object(Illuminate/Http/Request))
#29 C:/xampp/htdocs/pelayanan psdkp/vendor/laravel/framework/src/Illuminate/Pipeline/Pipeline.php(219): Illuminate/Http/Middleware/ValidatePathEncoding->handle(Object(Illuminate/Http/Request), Object(Closure))
#30 C:/xampp/htdocs/pelayanan psdkp/vendor/laravel/framework/src/Illuminate/Pipeline/Pipeline.php(137): Illuminate/Pipeline/Pipeline->Illuminate/Pipeline/{closure}(Object(Illuminate/Http/Request))
#31 C:/xampp/htdocs/pelayanan psdkp/vendor/laravel/framework/src/Illuminate/Foundation/Http/Kernel.php(175): Illuminate/Pipeline/Pipeline->then(Object(Closure))
#32 C:/xampp/htdocs/pelayanan psdkp/vendor/laravel/framework/src/Illuminate/Foundation/Http/Kernel.php(144): Illuminate/Foundation/Http/Kernel->sendRequestThroughRouter(Object(Illuminate/Http/Request))
#33 C:/xampp/htdocs/pelayanan psdkp/vendor/laravel/framework/src/Illuminate/Foundation/Application.php(1220): Illuminate/Foundation/Http/Kernel->handle(Object(Illuminate/Http/Request))
#34 C:/xampp/htdocs/pelayanan psdkp/public/index.php(17): Illuminate/Foundation/Application->handleRequest(Object(Illuminate/Http/Request))
#35 C:/xampp/htdocs/pelayanan psdkp/vendor/laravel/framework/src/Illuminate/Foundation/resources/server.php(23): require_once('C://xampp//htdocs...')
#36 {main}
"} 
[2026-09-08 02:45:41] local.ERROR: Class "App\Http\Controllers\Controller" not found {"exception":"[object] (Error(code: 0): Class \"App\\Http\\Controllers\\Controller\" not found at C:/xampp/htdocs/pelayanan psdkp/app/Http/Controllers/DashboardController.php:3)
[stacktrace]
#0 C:/xampp/htdocs/pelayanan psdkp/vendor/composer/ClassLoader.php(576): include()
#1 C:/xampp/htdocs/pelayanan psdkp/vendor/composer/ClassLoader.php(427): Composer/Autoload/{closure}('C://xampp//htdocs...')
#2 [internal function]: Composer/Autoload/ClassLoader->loadClass('App//Http//Contro...')
#3 C:/xampp/htdocs/pelayanan psdkp/vendor/laravel/framework/src/Illuminate/Routing/Route.php(1125): is_a('App//Http//Contro...', 'Illuminate//Rout...', true)
#4 C:/xampp/htdocs/pelayanan psdkp/vendor/laravel/framework/src/Illuminate/Routing/Route.php(1062): Illuminate/Routing/Route->controllerMiddleware()
#5 C:/xampp/htdocs/pelayanan psdkp/vendor/laravel/framework/src/Illuminate/Routing/Router.php(834): Illuminate/Routing/Route->gatherMiddleware()
#6 C:/xampp/htdocs/pelayanan psdkp/vendor/laravel/framework/src/Illuminate/Routing/Router.php(816): Illuminate/Routing/Router->gatherRouteMiddleware(Object(Illuminate/Routing/Route))
#7 C:/xampp/htdocs/pelayanan psdkp/vendor/laravel/framework/src/Illuminate/Routing/Router.php(800): Illuminate/Routing/Router->runRouteWithinStack(Object(Illuminate/Routing/Route), Object(Illuminate/Http/Request))
#8 C:/xampp/htdocs/pelayanan psdkp/vendor/laravel/framework/src/Illuminate/Routing/Router.php(764): Illuminate/Routing/Router->runRoute(Object(Illuminate/Http/Request), Object(Illuminate/Routing/Route))
#9 C:/xampp/htdocs/pelayanan psdkp/vendor/laravel/framework/src/Illuminate/Routing/Router.php(753): Illuminate/Routing/Router->dispatchToRoute(Object(Illuminate/Http/Request))
#10 C:/xampp/htdocs/pelayanan psdkp/vendor/laravel/framework/src/Illuminate/Foundation/Http/Kernel.php(200): Illuminate/Routing/Router->dispatch(Object(Illuminate/Http/Request))
#11 C:/xampp/htdocs/pelayanan psdkp/vendor/laravel/framework/src/Illuminate/Pipeline/Pipeline.php(180): Illuminate/Foundation/Http/Kernel->Illuminate/Foundation/Http/{closure}(Object(Illuminate/Http/Request))
#12 C:/xampp/htdocs/pelayanan psdkp/vendor/laravel/framework/src/Illuminate/Foundation/Http/Middleware/TransformsRequest.php(21): Illuminate/Pipeline/Pipeline->Illuminate/Pipeline/{closure}(Object(Illuminate/Http/Request))
#13 C:/xampp/htdocs/pelayanan psdkp/vendor/laravel/framework/src/Illuminate/Foundation/Http/Middleware/ConvertEmptyStringsToNull.php(31): Illuminate/Foundation/Http/Middleware/TransformsRequest->handle(Object(Illuminate/Http/Request), Object(Closure))
#14 C:/xampp/htdocs/pelayanan psdkp/vendor/laravel/framework/src/Illuminate/Pipeline/Pipeline.php(219): Illuminate/Foundation/Http/Middleware/ConvertEmptyStringsToNull->handle(Object(Illuminate/Http/Request), Object(Closure))
#15 C:/xampp/htdocs/pelayanan psdkp/vendor/laravel/framework/src/Illuminate/Foundation/Http/Middleware/TransformsRequest.php(21): Illuminate/Pipeline/Pipeline->Illuminate/Pipeline/{closure}(Object(Illuminate/Http/Request))
#16 C:/xampp/htdocs/pelayanan psdkp/vendor/laravel/framework/src/Illuminate/Foundation/Http/Middleware/TrimStrings.php(51): Illuminate/Foundation/Http/Middleware/TransformsRequest->handle(Object(Illuminate/Http/Request), Object(Closure))
#17 C:/xampp/htdocs/pelayanan psdkp/vendor/laravel/framework/src/Illuminate/Pipeline/Pipeline.php(219): Illuminate/Foundation/Http/Middleware/TrimStrings->handle(Object(Illuminate/Http/Request), Object(Closure))
#18 C:/xampp/htdocs/pelayanan psdkp/vendor/laravel/framework/src/Illuminate/Http/Middleware/ValidatePostSize.php(27): Illuminate/Pipeline/Pipeline->Illuminate/Pipeline/{closure}(Object(Illuminate/Http/Request))
#19 C:/xampp/htdocs/pelayanan psdkp/vendor/laravel/framework/src/Illuminate/Pipeline/Pipeline.php(219): Illuminate/Http/Middleware/ValidatePostSize->handle(Object(Illuminate/Http/Request), Object(Closure))
#20 C:/xampp/htdocs/pelayanan psdkp/vendor/laravel/framework/src/Illuminate/Foundation/Http/Middleware/PreventRequestsDuringMaintenance.php(109): Illuminate/Pipeline/Pipeline->Illuminate/Pipeline/{closure}(Object(Illuminate/Http/Request))
#21 C:/xampp/htdocs/pelayanan psdkp/vendor/laravel/framework/src/Illuminate/Pipeline/Pipeline.php(219): Illuminate/Foundation/Http/Middleware/PreventRequestsDuringMaintenance->handle(Object(Illuminate/Http/Request), Object(Closure))
#22 C:/xampp/htdocs/pelayanan psdkp/vendor/laravel/framework/src/Illuminate/Http/Middleware/HandleCors.php(61): Illuminate/Pipeline/Pipeline->Illuminate/Pipeline/{closure}(Object(Illuminate/Http/Request))
#23 C:/xampp/htdocs/pelayanan psdkp/vendor/laravel/framework/src/Illuminate/Pipeline/Pipeline.php(219): Illuminate/Http/Middleware/HandleCors->handle(Object(Illuminate/Http/Request), Object(Closure))
#24 C:/xampp/htdocs/pelayanan psdkp/vendor/laravel/framework/src/Illuminate/Http/Middleware/TrustProxies.php(58): Illuminate/Pipeline/Pipeline->Illuminate/Pipeline/{closure}(Object(Illuminate/Http/Request))
#25 C:/xampp/htdocs/pelayanan psdkp/vendor/laravel/framework/src/Illuminate/Pipeline/Pipeline.php(219): Illuminate/Http/Middleware/TrustProxies->handle(Object(Illuminate/Http/Request), Object(Closure))
#26 C:/xampp/htdocs/pelayanan psdkp/vendor/laravel/framework/src/Illuminate/Foundation/Http/Middleware/InvokeDeferredCallbacks.php(22): Illuminate/Pipeline/Pipeline->Illuminate/Pipeline/{closure}(Object(Illuminate/Http/Request))
#27 C:/xampp/htdocs/pelayanan psdkp/vendor/laravel/framework/src/Illuminate/Pipeline/Pipeline.php(219): Illuminate/Foundation/Http/Middleware/InvokeDeferredCallbacks->handle(Object(Illuminate/Http/Request), Object(Closure))
#28 C:/xampp/htdocs/pelayanan psdkp/vendor/laravel/framework/src/Illuminate/Http/Middleware/ValidatePathEncoding.php(26): Illuminate/Pipeline/Pipeline->Illuminate/Pipeline/{closure}(Object(Illuminate/Http/Request))
#29 C:/xampp/htdocs/pelayanan psdkp/vendor/laravel/framework/src/Illuminate/Pipeline/Pipeline.php(219): Illuminate/Http/Middleware/ValidatePathEncoding->handle(Object(Illuminate/Http/Request), Object(Closure))
#30 C:/xampp/htdocs/pelayanan psdkp/vendor/laravel/framework/src/Illuminate/Pipeline/Pipeline.php(137): Illuminate/Pipeline/Pipeline->Illuminate/Pipeline/{closure}(Object(Illuminate/Http/Request))
#31 C:/xampp/htdocs/pelayanan psdkp/vendor/laravel/framework/src/Illuminate/Foundation/Http/Kernel.php(175): Illuminate/Pipeline/Pipeline->then(Object(Closure))
#32 C:/xampp/htdocs/pelayanan psdkp/vendor/laravel/framework/src/Illuminate/Foundation/Http/Kernel.php(144): Illuminate/Foundation/Http/Kernel->sendRequestThroughRouter(Object(Illuminate/Http/Request))
#33 C:/xampp/htdocs/pelayanan psdkp/vendor/laravel/framework/src/Illuminate/Foundation/Application.php(1220): Illuminate/Foundation/Http/Kernel->handle(Object(Illuminate/Http/Request))
#34 C:/xampp/htdocs/pelayanan psdkp/public/index.php(17): Illuminate/Foundation/Application->handleRequest(Object(Illuminate/Http/Request))
#35 C:/xampp/htdocs/pelayanan psdkp/vendor/laravel/framework/src/Illuminate/Foundation/resources/server.php(23): require_once('C://xampp//htdocs...')
#36 {main}
"} 
[2026-09-08 03:47:12] local.ERROR: Call to a member function isStaff() on null (View: C:\xampp\htdocs\pelayanan psdkp\resources\views\layouts\app.blade.php) (View: C:\xampp\htdocs\pelayanan psdkp\resources\views\layouts\app.blade.php) {"exception":"[object] (Illuminate\\View\\ViewException(code: 0): Call to a member function isStaff() on null (View: C:\\xampp\\htdocs\\pelayanan psdkp\\resources\\views\\layouts\\app.blade.php) (View: C:\\xampp\\htdocs\\pelayanan psdkp\\resources\\views\\layouts\\app.blade.php) at C:/xampp/htdocs/pelayanan psdkp/storage/framework/views/07e79b4e8cf5b640010c7df6461efafb.php:82)
[stacktrace]
#0 C:/xampp/htdocs/pelayanan psdkp/vendor/laravel/framework/src/Illuminate/View/Engines/PhpEngine.php(59): Illuminate/View/Engines/CompilerEngine->handleViewException(Object(Illuminate/View/ViewException), 1)
#1 C:/xampp/htdocs/pelayanan psdkp/vendor/laravel/framework/src/Illuminate/View/Engines/CompilerEngine.php(76): Illuminate/View/Engines/PhpEngine->evaluatePath('C://xampp//htdocs...', Array)
#2 C:/xampp/htdocs/pelayanan psdkp/vendor/laravel/framework/src/Illuminate/View/View.php(208): Illuminate/View/Engines/CompilerEngine->get('C://xampp//htdocs...', Array)
#3 C:/xampp/htdocs/pelayanan psdkp/vendor/laravel/framework/src/Illuminate/View/View.php(191): Illuminate/View/View->getContents()
#4 C:/xampp/htdocs/pelayanan psdkp/vendor/laravel/framework/src/Illuminate/View/View.php(160): Illuminate/View/View->renderContents()
#5 C:/xampp/htdocs/pelayanan psdkp/vendor/laravel/framework/src/Illuminate/Http/Response.php(78): Illuminate/View/View->render()
#6 C:/xampp/htdocs/pelayanan psdkp/vendor/laravel/framework/src/Illuminate/Http/Response.php(34): Illuminate/Http/Response->setContent(Object(Illuminate/View/View))
#7 C:/xampp/htdocs/pelayanan psdkp/vendor/laravel/framework/src/Illuminate/Routing/Router.php(939): Illuminate/Http/Response->__construct(Object(Illuminate/View/View), 200, Array)
#8 C:/xampp/htdocs/pelayanan psdkp/vendor/laravel/framework/src/Illuminate/Routing/Router.php(906): Illuminate/Routing/Router::toResponse(Object(Illuminate/Http/Request), Object(Illuminate/View/View))
#9 C:/xampp/htdocs/pelayanan psdkp/vendor/laravel/framework/src/Illuminate/Routing/Router.php(821): Illuminate/Routing/Router->prepareResponse(Object(Illuminate/Http/Request), Object(Illuminate/View/View))
#10 C:/xampp/htdocs/pelayanan psdkp/vendor/laravel/framework/src/Illuminate/Pipeline/Pipeline.php(180): Illuminate/Routing/Router->Illuminate/Routing/{closure}(Object(Illuminate/Http/Request))
#11 C:/xampp/htdocs/pelayanan psdkp/vendor/laravel/framework/src/Illuminate/Auth/Middleware/RedirectIfAuthenticated.php(47): Illuminate/Pipeline/Pipeline->Illuminate/Pipeline/{closure}(Object(Illuminate/Http/Request))
#12 C:/xampp/htdocs/pelayanan psdkp/vendor/laravel/framework/src/Illuminate/Pipeline/Pipeline.php(219): Illuminate/Auth/Middleware/RedirectIfAuthenticated->handle(Object(Illuminate/Http/Request), Object(Closure))
#13 C:/xampp/htdocs/pelayanan psdkp/vendor/laravel/framework/src/Illuminate/Routing/Middleware/SubstituteBindings.php(50): Illuminate/Pipeline/Pipeline->Illuminate/Pipeline/{closure}(Object(Illuminate/Http/Request))
#14 C:/xampp/htdocs/pelayanan psdkp/vendor/laravel/framework/src/Illuminate/Pipeline/Pipeline.php(219): Illuminate/Routing/Middleware/SubstituteBindings->handle(Object(Illuminate/Http/Request), Object(Closure))
#15 C:/xampp/htdocs/pelayanan psdkp/vendor/laravel/framework/src/Illuminate/Foundation/Http/Middleware/VerifyCsrfToken.php(87): Illuminate/Pipeline/Pipeline->Illuminate/Pipeline/{closure}(Object(Illuminate/Http/Request))
#16 C:/xampp/htdocs/pelayanan psdkp/vendor/laravel/framework/src/Illuminate/Pipeline/Pipeline.php(219): Illuminate/Foundation/Http/Middleware/VerifyCsrfToken->handle(Object(Illuminate/Http/Request), Object(Closure))
#17 C:/xampp/htdocs/pelayanan psdkp/vendor/laravel/framework/src/Illuminate/View/Middleware/ShareErrorsFromSession.php(48): Illuminate/Pipeline/Pipeline->Illuminate/Pipeline/{closure}(Object(Illuminate/Http/Request))
#18 C:/xampp/htdocs/pelayanan psdkp/vendor/laravel/framework/src/Illuminate/Pipeline/Pipeline.php(219): Illuminate/View/Middleware/ShareErrorsFromSession->handle(Object(Illuminate/Http/Request), Object(Closure))
#19 C:/xampp/htdocs/pelayanan psdkp/vendor/laravel/framework/src/Illuminate/Session/Middleware/StartSession.php(120): Illuminate/Pipeline/Pipeline->Illuminate/Pipeline/{closure}(Object(Illuminate/Http/Request))
#20 C:/xampp/htdocs/pelayanan psdkp/vendor/laravel/framework/src/Illuminate/Session/Middleware/StartSession.php(63): Illuminate/Session/Middleware/StartSession->handleStatefulRequest(Object(Illuminate/Http/Request), Object(Illuminate/Session/Store), Object(Closure))
#21 C:/xampp/htdocs/pelayanan psdkp/vendor/laravel/framework/src/Illuminate/Pipeline/Pipeline.php(219): Illuminate/Session/Middleware/StartSession->handle(Object(Illuminate/Http/Request), Object(Closure))
#22 C:/xampp/htdocs/pelayanan psdkp/vendor/laravel/framework/src/Illuminate/Cookie/Middleware/AddQueuedCookiesToResponse.php(36): Illuminate/Pipeline/Pipeline->Illuminate/Pipeline/{closure}(Object(Illuminate/Http/Request))
#23 C:/xampp/htdocs/pelayanan psdkp/vendor/laravel/framework/src/Illuminate/Pipeline/Pipeline.php(219): Illuminate/Cookie/Middleware/AddQueuedCookiesToResponse->handle(Object(Illuminate/Http/Request), Object(Closure))
#24 C:/xampp/htdocs/pelayanan psdkp/vendor/laravel/framework/src/Illuminate/Cookie/Middleware/EncryptCookies.php(74): Illuminate/Pipeline/Pipeline->Illuminate/Pipeline/{closure}(Object(Illuminate/Http/Request))
#25 C:/xampp/htdocs/pelayanan psdkp/vendor/laravel/framework/src/Illuminate/Pipeline/Pipeline.php(219): Illuminate/Cookie/Middleware/EncryptCookies->handle(Object(Illuminate/Http/Request), Object(Closure))
#26 C:/xampp/htdocs/pelayanan psdkp/vendor/laravel/framework/src/Illuminate/Pipeline/Pipeline.php(137): Illuminate/Pipeline/Pipeline->Illuminate/Pipeline/{closure}(Object(Illuminate/Http/Request))
#27 C:/xampp/htdocs/pelayanan psdkp/vendor/laravel/framework/src/Illuminate/Routing/Router.php(821): Illuminate/Pipeline/Pipeline->then(Object(Closure))
#28 C:/xampp/htdocs/pelayanan psdkp/vendor/laravel/framework/src/Illuminate/Routing/Router.php(800): Illuminate/Routing/Router->runRouteWithinStack(Object(Illuminate/Routing/Route), Object(Illuminate/Http/Request))
#29 C:/xampp/htdocs/pelayanan psdkp/vendor/laravel/framework/src/Illuminate/Routing/Router.php(764): Illuminate/Routing/Router->runRoute(Object(Illuminate/Http/Request), Object(Illuminate/Routing/Route))
#30 C:/xampp/htdocs/pelayanan psdkp/vendor/laravel/framework/src/Illuminate/Routing/Router.php(753): Illuminate/Routing/Router->dispatchToRoute(Object(Illuminate/Http/Request))
#31 C:/xampp/htdocs/pelayanan psdkp/vendor/laravel/framework/src/Illuminate/Foundation/Http/Kernel.php(200): Illuminate/Routing/Router->dispatch(Object(Illuminate/Http/Request))
#32 C:/xampp/htdocs/pelayanan psdkp/vendor/laravel/framework/src/Illuminate/Pipeline/Pipeline.php(180): Illuminate/Foundation/Http/Kernel->Illuminate/Foundation/Http/{closure}(Object(Illuminate/Http/Request))
#33 C:/xampp/htdocs/pelayanan psdkp/vendor/laravel/framework/src/Illuminate/Foundation/Http/Middleware/TransformsRequest.php(21): Illuminate/Pipeline/Pipeline->Illuminate/Pipeline/{closure}(Object(Illuminate/Http/Request))
#34 C:/xampp/htdocs/pelayanan psdkp/vendor/laravel/framework/src/Illuminate/Foundation/Http/Middleware/ConvertEmptyStringsToNull.php(31): Illuminate/Foundation/Http/Middleware/TransformsRequest->handle(Object(Illuminate/Http/Request), Object(Closure))
#35 C:/xampp/htdocs/pelayanan psdkp/vendor/laravel/framework/src/Illuminate/Pipeline/Pipeline.php(219): Illuminate/Foundation/Http/Middleware/ConvertEmptyStringsToNull->handle(Object(Illuminate/Http/Request), Object(Closure))
#36 C:/xampp/htdocs/pelayanan psdkp/vendor/laravel/framework/src/Illuminate/Foundation/Http/Middleware/TransformsRequest.php(21): Illuminate/Pipeline/Pipeline->Illuminate/Pipeline/{closure}(Object(Illuminate/Http/Request))
#37 C:/xampp/htdocs/pelayanan psdkp/vendor/laravel/framework/src/Illuminate/Foundation/Http/Middleware/TrimStrings.php(51): Illuminate/Foundation/Http/Middleware/TransformsRequest->handle(Object(Illuminate/Http/Request), Object(Closure))
#38 C:/xampp/htdocs/pelayanan psdkp/vendor/laravel/framework/src/Illuminate/Pipeline/Pipeline.php(219): Illuminate/Foundation/Http/Middleware/TrimStrings->handle(Object(Illuminate/Http/Request), Object(Closure))
#39 C:/xampp/htdocs/pelayanan psdkp/vendor/laravel/framework/src/Illuminate/Http/Middleware/ValidatePostSize.php(27): Illuminate/Pipeline/Pipeline->Illuminate/Pipeline/{closure}(Object(Illuminate/Http/Request))
#40 C:/xampp/htdocs/pelayanan psdkp/vendor/laravel/framework/src/Illuminate/Pipeline/Pipeline.php(219): Illuminate/Http/Middleware/ValidatePostSize->handle(Object(Illuminate/Http/Request), Object(Closure))
#41 C:/xampp/htdocs/pelayanan psdkp/vendor/laravel/framework/src/Illuminate/Foundation/Http/Middleware/PreventRequestsDuringMaintenance.php(109): Illuminate/Pipeline/Pipeline->Illuminate/Pipeline/{closure}(Object(Illuminate/Http/Request))
#42 C:/xampp/htdocs/pelayanan psdkp/vendor/laravel/framework/src/Illuminate/Pipeline/Pipeline.php(219): Illuminate/Foundation/Http/Middleware/PreventRequestsDuringMaintenance->handle(Object(Illuminate/Http/Request), Object(Closure))
#43 C:/xampp/htdocs/pelayanan psdkp/vendor/laravel/framework/src/Illuminate/Http/Middleware/HandleCors.php(61): Illuminate/Pipeline/Pipeline->Illuminate/Pipeline/{closure}(Object(Illuminate/Http/Request))
#44 C:/xampp/htdocs/pelayanan psdkp/vendor/laravel/framework/src/Illuminate/Pipeline/Pipeline.php(219): Illuminate/Http/Middleware/HandleCors->handle(Object(Illuminate/Http/Request), Object(Closure))
#45 C:/xampp/htdocs/pelayanan psdkp/vendor/laravel/framework/src/Illuminate/Http/Middleware/TrustProxies.php(58): Illuminate/Pipeline/Pipeline->Illuminate/Pipeline/{closure}(Object(Illuminate/Http/Request))
#46 C:/xampp/htdocs/pelayanan psdkp/vendor/laravel/framework/src/Illuminate/Pipeline/Pipeline.php(219): Illuminate/Http/Middleware/TrustProxies->handle(Object(Illuminate/Http/Request), Object(Closure))
#47 C:/xampp/htdocs/pelayanan psdkp/vendor/laravel/framework/src/Illuminate/Foundation/Http/Middleware/InvokeDeferredCallbacks.php(22): Illuminate/Pipeline/Pipeline->Illuminate/Pipeline/{closure}(Object(Illuminate/Http/Request))
#48 C:/xampp/htdocs/pelayanan psdkp/vendor/laravel/framework/src/Illuminate/Pipeline/Pipeline.php(219): Illuminate/Foundation/Http/Middleware/InvokeDeferredCallbacks->handle(Object(Illuminate/Http/Request), Object(Closure))
#49 C:/xampp/htdocs/pelayanan psdkp/vendor/laravel/framework/src/Illuminate/Http/Middleware/ValidatePathEncoding.php(26): Illuminate/Pipeline/Pipeline->Illuminate/Pipeline/{closure}(Object(Illuminate/Http/Request))
#50 C:/xampp/htdocs/pelayanan psdkp/vendor/laravel/framework/src/Illuminate/Pipeline/Pipeline.php(219): Illuminate/Http/Middleware/ValidatePathEncoding->handle(Object(Illuminate/Http/Request), Object(Closure))
#51 C:/xampp/htdocs/pelayanan psdkp/vendor/laravel/framework/src/Illuminate/Pipeline/Pipeline.php(137): Illuminate/Pipeline/Pipeline->Illuminate/Pipeline/{closure}(Object(Illuminate/Http/Request))
#52 C:/xampp/htdocs/pelayanan psdkp/vendor/laravel/framework/src/Illuminate/Foundation/Http/Kernel.php(175): Illuminate/Pipeline/Pipeline->then(Object(Closure))
#53 C:/xampp/htdocs/pelayanan psdkp/vendor/laravel/framework/src/Illuminate/Foundation/Http/Kernel.php(144): Illuminate/Foundation/Http/Kernel->sendRequestThroughRouter(Object(Illuminate/Http/Request))
#54 C:/xampp/htdocs/pelayanan psdkp/vendor/laravel/framework/src/Illuminate/Foundation/Application.php(1220): Illuminate/Foundation/Http/Kernel->handle(Object(Illuminate/Http/Request))
#55 C:/xampp/htdocs/pelayanan psdkp/public/index.php(17): Illuminate/Foundation/Application->handleRequest(Object(Illuminate/Http/Request))
#56 C:/xampp/htdocs/pelayanan psdkp/vendor/laravel/framework/src/Illuminate/Foundation/resources/server.php(23): require_once('C://xampp//htdocs...')
#57 {main}

[previous exception] [object] (Illuminate\\View\\ViewException(code: 0): Call to a member function isStaff() on null (View: C:\\xampp\\htdocs\\pelayanan psdkp\\resources\\views\\layouts\\app.blade.php) at C:/xampp/htdocs/pelayanan psdkp/storage/framework/views/07e79b4e8cf5b640010c7df6461efafb.php:82)
[stacktrace]
#0 C:/xampp/htdocs/pelayanan psdkp/vendor/laravel/framework/src/Illuminate/View/Engines/PhpEngine.php(59): Illuminate/View/Engines/CompilerEngine->handleViewException(Object(Error), 2)
#1 C:/xampp/htdocs/pelayanan psdkp/vendor/laravel/framework/src/Illuminate/View/Engines/CompilerEngine.php(76): Illuminate/View/Engines/PhpEngine->evaluatePath('C://xampp//htdocs...', Array)
#2 C:/xampp/htdocs/pelayanan psdkp/vendor/laravel/framework/src/Illuminate/View/View.php(208): Illuminate/View/Engines/CompilerEngine->get('C://xampp//htdocs...', Array)
#3 C:/xampp/htdocs/pelayanan psdkp/vendor/laravel/framework/src/Illuminate/View/View.php(191): Illuminate/View/View->getContents()
#4 C:/xampp/htdocs/pelayanan psdkp/vendor/laravel/framework/src/Illuminate/View/View.php(160): Illuminate/View/View->renderContents()
#5 C:/xampp/htdocs/pelayanan psdkp/storage/framework/views/a0ccc87df61a9a85a18b8129385cc4d1.php(78): Illuminate/View/View->render()
#6 C:/xampp/htdocs/pelayanan psdkp/vendor/laravel/framework/src/Illuminate/Filesystem/Filesystem.php(123): require('C://xampp//htdocs...')
#7 C:/xampp/htdocs/pelayanan psdkp/vendor/laravel/framework/src/Illuminate/Filesystem/Filesystem.php(124): Illuminate/Filesystem/Filesystem::Illuminate/Filesystem/{closure}()
#8 C:/xampp/htdocs/pelayanan psdkp/vendor/laravel/framework/src/Illuminate/View/Engines/PhpEngine.php(57): Illuminate/Filesystem/Filesystem->getRequire('C://xampp//htdocs...', Array)
#9 C:/xampp/htdocs/pelayanan psdkp/vendor/laravel/framework/src/Illuminate/View/Engines/CompilerEngine.php(76): Illuminate/View/Engines/PhpEngine->evaluatePath('C://xampp//htdocs...', Array)
#10 C:/xampp/htdocs/pelayanan psdkp/vendor/laravel/framework/src/Illuminate/View/View.php(208): Illuminate/View/Engines/CompilerEngine->get('C://xampp//htdocs...', Array)
#11 C:/xampp/htdocs/pelayanan psdkp/vendor/laravel/framework/src/Illuminate/View/View.php(191): Illuminate/View/View->getContents()
#12 C:/xampp/htdocs/pelayanan psdkp/vendor/laravel/framework/src/Illuminate/View/View.php(160): Illuminate/View/View->renderContents()
#13 C:/xampp/htdocs/pelayanan psdkp/vendor/laravel/framework/src/Illuminate/Http/Response.php(78): Illuminate/View/View->render()
#14 C:/xampp/htdocs/pelayanan psdkp/vendor/laravel/framework/src/Illuminate/Http/Response.php(34): Illuminate/Http/Response->setContent(Object(Illuminate/View/View))
#15 C:/xampp/htdocs/pelayanan psdkp/vendor/laravel/framework/src/Illuminate/Routing/Router.php(939): Illuminate/Http/Response->__construct(Object(Illuminate/View/View), 200, Array)
#16 C:/xampp/htdocs/pelayanan psdkp/vendor/laravel/framework/src/Illuminate/Routing/Router.php(906): Illuminate/Routing/Router::toResponse(Object(Illuminate/Http/Request), Object(Illuminate/View/View))
#17 C:/xampp/htdocs/pelayanan psdkp/vendor/laravel/framework/src/Illuminate/Routing/Router.php(821): Illuminate/Routing/Router->prepareResponse(Object(Illuminate/Http/Request), Object(Illuminate/View/View))
#18 C:/xampp/htdocs/pelayanan psdkp/vendor/laravel/framework/src/Illuminate/Pipeline/Pipeline.php(180): Illuminate/Routing/Router->Illuminate/Routing/{closure}(Object(Illuminate/Http/Request))
#19 C:/xampp/htdocs/pelayanan psdkp/vendor/laravel/framework/src/Illuminate/Auth/Middleware/RedirectIfAuthenticated.php(47): Illuminate/Pipeline/Pipeline->Illuminate/Pipeline/{closure}(Object(Illuminate/Http/Request))
#20 C:/xampp/htdocs/pelayanan psdkp/vendor/laravel/framework/src/Illuminate/Pipeline/Pipeline.php(219): Illuminate/Auth/Middleware/RedirectIfAuthenticated->handle(Object(Illuminate/Http/Request), Object(Closure))
#21 C:/xampp/htdocs/pelayanan psdkp/vendor/laravel/framework/src/Illuminate/Routing/Middleware/SubstituteBindings.php(50): Illuminate/Pipeline/Pipeline->Illuminate/Pipeline/{closure}(Object(Illuminate/Http/Request))
#22 C:/xampp/htdocs/pelayanan psdkp/vendor/laravel/framework/src/Illuminate/Pipeline/Pipeline.php(219): Illuminate/Routing/Middleware/SubstituteBindings->handle(Object(Illuminate/Http/Request), Object(Closure))
#23 C:/xampp/htdocs/pelayanan psdkp/vendor/laravel/framework/src/Illuminate/Foundation/Http/Middleware/VerifyCsrfToken.php(87): Illuminate/Pipeline/Pipeline->Illuminate/Pipeline/{closure}(Object(Illuminate/Http/Request))
#24 C:/xampp/htdocs/pelayanan psdkp/vendor/laravel/framework/src/Illuminate/Pipeline/Pipeline.php(219): Illuminate/Foundation/Http/Middleware/VerifyCsrfToken->handle(Object(Illuminate/Http/Request), Object(Closure))
#25 C:/xampp/htdocs/pelayanan psdkp/vendor/laravel/framework/src/Illuminate/View/Middleware/ShareErrorsFromSession.php(48): Illuminate/Pipeline/Pipeline->Illuminate/Pipeline/{closure}(Object(Illuminate/Http/Request))
#26 C:/xampp/htdocs/pelayanan psdkp/vendor/laravel/framework/src/Illuminate/Pipeline/Pipeline.php(219): Illuminate/View/Middleware/ShareErrorsFromSession->handle(Object(Illuminate/Http/Request), Object(Closure))
#27 C:/xampp/htdocs/pelayanan psdkp/vendor/laravel/framework/src/Illuminate/Session/Middleware/StartSession.php(120): Illuminate/Pipeline/Pipeline->Illuminate/Pipeline/{closure}(Object(Illuminate/Http/Request))
#28 C:/xampp/htdocs/pelayanan psdkp/vendor/laravel/framework/src/Illuminate/Session/Middleware/StartSession.php(63): Illuminate/Session/Middleware/StartSession->handleStatefulRequest(Object(Illuminate/Http/Request), Object(Illuminate/Session/Store), Object(Closure))
#29 C:/xampp/htdocs/pelayanan psdkp/vendor/laravel/framework/src/Illuminate/Pipeline/Pipeline.php(219): Illuminate/Session/Middleware/StartSession->handle(Object(Illuminate/Http/Request), Object(Closure))
#30 C:/xampp/htdocs/pelayanan psdkp/vendor/laravel/framework/src/Illuminate/Cookie/Middleware/AddQueuedCookiesToResponse.php(36): Illuminate/Pipeline/Pipeline->Illuminate/Pipeline/{closure}(Object(Illuminate/Http/Request))
#31 C:/xampp/htdocs/pelayanan psdkp/vendor/laravel/framework/src/Illuminate/Pipeline/Pipeline.php(219): Illuminate/Cookie/Middleware/AddQueuedCookiesToResponse->handle(Object(Illuminate/Http/Request), Object(Closure))
#32 C:/xampp/htdocs/pelayanan psdkp/vendor/laravel/framework/src/Illuminate/Cookie/Middleware/EncryptCookies.php(74): Illuminate/Pipeline/Pipeline->Illuminate/Pipeline/{closure}(Object(Illuminate/Http/Request))
#33 C:/xampp/htdocs/pelayanan psdkp/vendor/laravel/framework/src/Illuminate/Pipeline/Pipeline.php(219): Illuminate/Cookie/Middleware/EncryptCookies->handle(Object(Illuminate/Http/Request), Object(Closure))
#34 C:/xampp/htdocs/pelayanan psdkp/vendor/laravel/framework/src/Illuminate/Pipeline/Pipeline.php(137): Illuminate/Pipeline/Pipeline->Illuminate/Pipeline/{closure}(Object(Illuminate/Http/Request))
#35 C:/xampp/htdocs/pelayanan psdkp/vendor/laravel/framework/src/Illuminate/Routing/Router.php(821): Illuminate/Pipeline/Pipeline->then(Object(Closure))
#36 C:/xampp/htdocs/pelayanan psdkp/vendor/laravel/framework/src/Illuminate/Routing/Router.php(800): Illuminate/Routing/Router->runRouteWithinStack(Object(Illuminate/Routing/Route), Object(Illuminate/Http/Request))
#37 C:/xampp/htdocs/pelayanan psdkp/vendor/laravel/framework/src/Illuminate/Routing/Router.php(764): Illuminate/Routing/Router->runRoute(Object(Illuminate/Http/Request), Object(Illuminate/Routing/Route))
#38 C:/xampp/htdocs/pelayanan psdkp/vendor/laravel/framework/src/Illuminate/Routing/Router.php(753): Illuminate/Routing/Router->dispatchToRoute(Object(Illuminate/Http/Request))
#39 C:/xampp/htdocs/pelayanan psdkp/vendor/laravel/framework/src/Illuminate/Foundation/Http/Kernel.php(200): Illuminate/Routing/Router->dispatch(Object(Illuminate/Http/Request))
#40 C:/xampp/htdocs/pelayanan psdkp/vendor/laravel/framework/src/Illuminate/Pipeline/Pipeline.php(180): Illuminate/Foundation/Http/Kernel->Illuminate/Foundation/Http/{closure}(Object(Illuminate/Http/Request))
#41 C:/xampp/htdocs/pelayanan psdkp/vendor/laravel/framework/src/Illuminate/Foundation/Http/Middleware/TransformsRequest.php(21): Illuminate/Pipeline/Pipeline->Illuminate/Pipeline/{closure}(Object(Illuminate/Http/Request))
#42 C:/xampp/htdocs/pelayanan psdkp/vendor/laravel/framework/src/Illuminate/Foundation/Http/Middleware/ConvertEmptyStringsToNull.php(31): Illuminate/Foundation/Http/Middleware/TransformsRequest->handle(Object(Illuminate/Http/Request), Object(Closure))
#43 C:/xampp/htdocs/pelayanan psdkp/vendor/laravel/framework/src/Illuminate/Pipeline/Pipeline.php(219): Illuminate/Foundation/Http/Middleware/ConvertEmptyStringsToNull->handle(Object(Illuminate/Http/Request), Object(Closure))
#44 C:/xampp/htdocs/pelayanan psdkp/vendor/laravel/framework/src/Illuminate/Foundation/Http/Middleware/TransformsRequest.php(21): Illuminate/Pipeline/Pipeline->Illuminate/Pipeline/{closure}(Object(Illuminate/Http/Request))
#45 C:/xampp/htdocs/pelayanan psdkp/vendor/laravel/framework/src/Illuminate/Foundation/Http/Middleware/TrimStrings.php(51): Illuminate/Foundation/Http/Middleware/TransformsRequest->handle(Object(Illuminate/Http/Request), Object(Closure))
#46 C:/xampp/htdocs/pelayanan psdkp/vendor/laravel/framework/src/Illuminate/Pipeline/Pipeline.php(219): Illuminate/Foundation/Http/Middleware/TrimStrings->handle(Object(Illuminate/Http/Request), Object(Closure))
#47 C:/xampp/htdocs/pelayanan psdkp/vendor/laravel/framework/src/Illuminate/Http/Middleware/ValidatePostSize.php(27): Illuminate/Pipeline/Pipeline->Illuminate/Pipeline/{closure}(Object(Illuminate/Http/Request))
#48 C:/xampp/htdocs/pelayanan psdkp/vendor/laravel/framework/src/Illuminate/Pipeline/Pipeline.php(219): Illuminate/Http/Middleware/ValidatePostSize->handle(Object(Illuminate/Http/Request), Object(Closure))
#49 C:/xampp/htdocs/pelayanan psdkp/vendor/laravel/framework/src/Illuminate/Foundation/Http/Middleware/PreventRequestsDuringMaintenance.php(109): Illuminate/Pipeline/Pipeline->Illuminate/Pipeline/{closure}(Object(Illuminate/Http/Request))
#50 C:/xampp/htdocs/pelayanan psdkp/vendor/laravel/framework/src/Illuminate/Pipeline/Pipeline.php(219): Illuminate/Foundation/Http/Middleware/PreventRequestsDuringMaintenance->handle(Object(Illuminate/Http/Request), Object(Closure))
#51 C:/xampp/htdocs/pelayanan psdkp/vendor/laravel/framework/src/Illuminate/Http/Middleware/HandleCors.php(61): Illuminate/Pipeline/Pipeline->Illuminate/Pipeline/{closure}(Object(Illuminate/Http/Request))
#52 C:/xampp/htdocs/pelayanan psdkp/vendor/laravel/framework/src/Illuminate/Pipeline/Pipeline.php(219): Illuminate/Http/Middleware/HandleCors->handle(Object(Illuminate/Http/Request), Object(Closure))
#53 C:/xampp/htdocs/pelayanan psdkp/vendor/laravel/framework/src/Illuminate/Http/Middleware/TrustProxies.php(58): Illuminate/Pipeline/Pipeline->Illuminate/Pipeline/{closure}(Object(Illuminate/Http/Request))
#54 C:/xampp/htdocs/pelayanan psdkp/vendor/laravel/framework/src/Illuminate/Pipeline/Pipeline.php(219): Illuminate/Http/Middleware/TrustProxies->handle(Object(Illuminate/Http/Request), Object(Closure))
#55 C:/xampp/htdocs/pelayanan psdkp/vendor/laravel/framework/src/Illuminate/Foundation/Http/Middleware/InvokeDeferredCallbacks.php(22): Illuminate/Pipeline/Pipeline->Illuminate/Pipeline/{closure}(Object(Illuminate/Http/Request))
#56 C:/xampp/htdocs/pelayanan psdkp/vendor/laravel/framework/src/Illuminate/Pipeline/Pipeline.php(219): Illuminate/Foundation/Http/Middleware/InvokeDeferredCallbacks->handle(Object(Illuminate/Http/Request), Object(Closure))
#57 C:/xampp/htdocs/pelayanan psdkp/vendor/laravel/framework/src/Illuminate/Http/Middleware/ValidatePathEncoding.php(26): Illuminate/Pipeline/Pipeline->Illuminate/Pipeline/{closure}(Object(Illuminate/Http/Request))
#58 C:/xampp/htdocs/pelayanan psdkp/vendor/laravel/framework/src/Illuminate/Pipeline/Pipeline.php(219): Illuminate/Http/Middleware/ValidatePathEncoding->handle(Object(Illuminate/Http/Request), Object(Closure))
#59 C:/xampp/htdocs/pelayanan psdkp/vendor/laravel/framework/src/Illuminate/Pipeline/Pipeline.php(137): Illuminate/Pipeline/Pipeline->Illuminate/Pipeline/{closure}(Object(Illuminate/Http/Request))
#60 C:/xampp/htdocs/pelayanan psdkp/vendor/laravel/framework/src/Illuminate/Foundation/Http/Kernel.php(175): Illuminate/Pipeline/Pipeline->then(Object(Closure))
#61 C:/xampp/htdocs/pelayanan psdkp/vendor/laravel/framework/src/Illuminate/Foundation/Http/Kernel.php(144): Illuminate/Foundation/Http/Kernel->sendRequestThroughRouter(Object(Illuminate/Http/Request))
#62 C:/xampp/htdocs/pelayanan psdkp/vendor/laravel/framework/src/Illuminate/Foundation/Application.php(1220): Illuminate/Foundation/Http/Kernel->handle(Object(Illuminate/Http/Request))
#63 C:/xampp/htdocs/pelayanan psdkp/public/index.php(17): Illuminate/Foundation/Application->handleRequest(Object(Illuminate/Http/Request))
#64 C:/xampp/htdocs/pelayanan psdkp/vendor/laravel/framework/src/Illuminate/Foundation/resources/server.php(23): require_once('C://xampp//htdocs...')
#65 {main}

[previous exception] [object] (Error(code: 0): Call to a member function isStaff() on null at C:/xampp/htdocs/pelayanan psdkp/storage/framework/views/07e79b4e8cf5b640010c7df6461efafb.php:82)
[stacktrace]
#0 C:/xampp/htdocs/pelayanan psdkp/vendor/laravel/framework/src/Illuminate/Filesystem/Filesystem.php(123): require()
#1 C:/xampp/htdocs/pelayanan psdkp/vendor/laravel/framework/src/Illuminate/Filesystem/Filesystem.php(124): Illuminate/Filesystem/Filesystem::Illuminate/Filesystem/{closure}()
#2 C:/xampp/htdocs/pelayanan psdkp/vendor/laravel/framework/src/Illuminate/View/Engines/PhpEngine.php(57): Illuminate/Filesystem/Filesystem->getRequire('C://xampp//htdocs...', Array)
#3 C:/xampp/htdocs/pelayanan psdkp/vendor/laravel/framework/src/Illuminate/View/Engines/CompilerEngine.php(76): Illuminate/View/Engines/PhpEngine->evaluatePath('C://xampp//htdocs...', Array)
#4 C:/xampp/htdocs/pelayanan psdkp/vendor/laravel/framework/src/Illuminate/View/View.php(208): Illuminate/View/Engines/CompilerEngine->get('C://xampp//htdocs...', Array)
#5 C:/xampp/htdocs/pelayanan psdkp/vendor/laravel/framework/src/Illuminate/View/View.php(191): Illuminate/View/View->getContents()
#6 C:/xampp/htdocs/pelayanan psdkp/vendor/laravel/framework/src/Illuminate/View/View.php(160): Illuminate/View/View->renderContents()
#7 C:/xampp/htdocs/pelayanan psdkp/storage/framework/views/a0ccc87df61a9a85a18b8129385cc4d1.php(78): Illuminate/View/View->render()
#8 C:/xampp/htdocs/pelayanan psdkp/vendor/laravel/framework/src/Illuminate/Filesystem/Filesystem.php(123): require('C://xampp//htdocs...')
#9 C:/xampp/htdocs/pelayanan psdkp/vendor/laravel/framework/src/Illuminate/Filesystem/Filesystem.php(124): Illuminate/Filesystem/Filesystem::Illuminate/Filesystem/{closure}()
#10 C:/xampp/htdocs/pelayanan psdkp/vendor/laravel/framework/src/Illuminate/View/Engines/PhpEngine.php(57): Illuminate/Filesystem/Filesystem->getRequire('C://xampp//htdocs...', Array)
#11 C:/xampp/htdocs/pelayanan psdkp/vendor/laravel/framework/src/Illuminate/View/Engines/CompilerEngine.php(76): Illuminate/View/Engines/PhpEngine->evaluatePath('C://xampp//htdocs...', Array)
#12 C:/xampp/htdocs/pelayanan psdkp/vendor/laravel/framework/src/Illuminate/View/View.php(208): Illuminate/View/Engines/CompilerEngine->get('C://xampp//htdocs...', Array)
#13 C:/xampp/htdocs/pelayanan psdkp/vendor/laravel/framework/src/Illuminate/View/View.php(191): Illuminate/View/View->getContents()
#14 C:/xampp/htdocs/pelayanan psdkp/vendor/laravel/framework/src/Illuminate/View/View.php(160): Illuminate/View/View->renderContents()
#15 C:/xampp/htdocs/pelayanan psdkp/vendor/laravel/framework/src/Illuminate/Http/Response.php(78): Illuminate/View/View->render()
#16 C:/xampp/htdocs/pelayanan psdkp/vendor/laravel/framework/src/Illuminate/Http/Response.php(34): Illuminate/Http/Response->setContent(Object(Illuminate/View/View))
#17 C:/xampp/htdocs/pelayanan psdkp/vendor/laravel/framework/src/Illuminate/Routing/Router.php(939): Illuminate/Http/Response->__construct(Object(Illuminate/View/View), 200, Array)
#18 C:/xampp/htdocs/pelayanan psdkp/vendor/laravel/framework/src/Illuminate/Routing/Router.php(906): Illuminate/Routing/Router::toResponse(Object(Illuminate/Http/Request), Object(Illuminate/View/View))
#19 C:/xampp/htdocs/pelayanan psdkp/vendor/laravel/framework/src/Illuminate/Routing/Router.php(821): Illuminate/Routing/Router->prepareResponse(Object(Illuminate/Http/Request), Object(Illuminate/View/View))
#20 C:/xampp/htdocs/pelayanan psdkp/vendor/laravel/framework/src/Illuminate/Pipeline/Pipeline.php(180): Illuminate/Routing/Router->Illuminate/Routing/{closure}(Object(Illuminate/Http/Request))
#21 C:/xampp/htdocs/pelayanan psdkp/vendor/laravel/framework/src/Illuminate/Auth/Middleware/RedirectIfAuthenticated.php(47): Illuminate/Pipeline/Pipeline->Illuminate/Pipeline/{closure}(Object(Illuminate/Http/Request))
#22 C:/xampp/htdocs/pelayanan psdkp/vendor/laravel/framework/src/Illuminate/Pipeline/Pipeline.php(219): Illuminate/Auth/Middleware/RedirectIfAuthenticated->handle(Object(Illuminate/Http/Request), Object(Closure))
#23 C:/xampp/htdocs/pelayanan psdkp/vendor/laravel/framework/src/Illuminate/Routing/Middleware/SubstituteBindings.php(50): Illuminate/Pipeline/Pipeline->Illuminate/Pipeline/{closure}(Object(Illuminate/Http/Request))
#24 C:/xampp/htdocs/pelayanan psdkp/vendor/laravel/framework/src/Illuminate/Pipeline/Pipeline.php(219): Illuminate/Routing/Middleware/SubstituteBindings->handle(Object(Illuminate/Http/Request), Object(Closure))
#25 C:/xampp/htdocs/pelayanan psdkp/vendor/laravel/framework/src/Illuminate/Foundation/Http/Middleware/VerifyCsrfToken.php(87): Illuminate/Pipeline/Pipeline->Illuminate/Pipeline/{closure}(Object(Illuminate/Http/Request))
#26 C:/xampp/htdocs/pelayanan psdkp/vendor/laravel/framework/src/Illuminate/Pipeline/Pipeline.php(219): Illuminate/Foundation/Http/Middleware/VerifyCsrfToken->handle(Object(Illuminate/Http/Request), Object(Closure))
#27 C:/xampp/htdocs/pelayanan psdkp/vendor/laravel/framework/src/Illuminate/View/Middleware/ShareErrorsFromSession.php(48): Illuminate/Pipeline/Pipeline->Illuminate/Pipeline/{closure}(Object(Illuminate/Http/Request))
#28 C:/xampp/htdocs/pelayanan psdkp/vendor/laravel/framework/src/Illuminate/Pipeline/Pipeline.php(219): Illuminate/View/Middleware/ShareErrorsFromSession->handle(Object(Illuminate/Http/Request), Object(Closure))
#29 C:/xampp/htdocs/pelayanan psdkp/vendor/laravel/framework/src/Illuminate/Session/Middleware/StartSession.php(120): Illuminate/Pipeline/Pipeline->Illuminate/Pipeline/{closure}(Object(Illuminate/Http/Request))
#30 C:/xampp/htdocs/pelayanan psdkp/vendor/laravel/framework/src/Illuminate/Session/Middleware/StartSession.php(63): Illuminate/Session/Middleware/StartSession->handleStatefulRequest(Object(Illuminate/Http/Request), Object(Illuminate/Session/Store), Object(Closure))
#31 C:/xampp/htdocs/pelayanan psdkp/vendor/laravel/framework/src/Illuminate/Pipeline/Pipeline.php(219): Illuminate/Session/Middleware/StartSession->handle(Object(Illuminate/Http/Request), Object(Closure))
#32 C:/xampp/htdocs/pelayanan psdkp/vendor/laravel/framework/src/Illuminate/Cookie/Middleware/AddQueuedCookiesToResponse.php(36): Illuminate/Pipeline/Pipeline->Illuminate/Pipeline/{closure}(Object(Illuminate/Http/Request))
#33 C:/xampp/htdocs/pelayanan psdkp/vendor/laravel/framework/src/Illuminate/Pipeline/Pipeline.php(219): Illuminate/Cookie/Middleware/AddQueuedCookiesToResponse->handle(Object(Illuminate/Http/Request), Object(Closure))
#34 C:/xampp/htdocs/pelayanan psdkp/vendor/laravel/framework/src/Illuminate/Cookie/Middleware/EncryptCookies.php(74): Illuminate/Pipeline/Pipeline->Illuminate/Pipeline/{closure}(Object(Illuminate/Http/Request))
#35 C:/xampp/htdocs/pelayanan psdkp/vendor/laravel/framework/src/Illuminate/Pipeline/Pipeline.php(219): Illuminate/Cookie/Middleware/EncryptCookies->handle(Object(Illuminate/Http/Request), Object(Closure))
#36 C:/xampp/htdocs/pelayanan psdkp/vendor/laravel/framework/src/Illuminate/Pipeline/Pipeline.php(137): Illuminate/Pipeline/Pipeline->Illuminate/Pipeline/{closure}(Object(Illuminate/Http/Request))
#37 C:/xampp/htdocs/pelayanan psdkp/vendor/laravel/framework/src/Illuminate/Routing/Router.php(821): Illuminate/Pipeline/Pipeline->then(Object(Closure))
#38 C:/xampp/htdocs/pelayanan psdkp/vendor/laravel/framework/src/Illuminate/Routing/Router.php(800): Illuminate/Routing/Router->runRouteWithinStack(Object(Illuminate/Routing/Route), Object(Illuminate/Http/Request))
#39 C:/xampp/htdocs/pelayanan psdkp/vendor/laravel/framework/src/Illuminate/Routing/Router.php(764): Illuminate/Routing/Router->runRoute(Object(Illuminate/Http/Request), Object(Illuminate/Routing/Route))
#40 C:/xampp/htdocs/pelayanan psdkp/vendor/laravel/framework/src/Illuminate/Routing/Router.php(753): Illuminate/Routing/Router->dispatchToRoute(Object(Illuminate/Http/Request))
#41 C:/xampp/htdocs/pelayanan psdkp/vendor/laravel/framework/src/Illuminate/Foundation/Http/Kernel.php(200): Illuminate/Routing/Router->dispatch(Object(Illuminate/Http/Request))
#42 C:/xampp/htdocs/pelayanan psdkp/vendor/laravel/framework/src/Illuminate/Pipeline/Pipeline.php(180): Illuminate/Foundation/Http/Kernel->Illuminate/Foundation/Http/{closure}(Object(Illuminate/Http/Request))
#43 C:/xampp/htdocs/pelayanan psdkp/vendor/laravel/framework/src/Illuminate/Foundation/Http/Middleware/TransformsRequest.php(21): Illuminate/Pipeline/Pipeline->Illuminate/Pipeline/{closure}(Object(Illuminate/Http/Request))
#44 C:/xampp/htdocs/pelayanan psdkp/vendor/laravel/framework/src/Illuminate/Foundation/Http/Middleware/ConvertEmptyStringsToNull.php(31): Illuminate/Foundation/Http/Middleware/TransformsRequest->handle(Object(Illuminate/Http/Request), Object(Closure))
#45 C:/xampp/htdocs/pelayanan psdkp/vendor/laravel/framework/src/Illuminate/Pipeline/Pipeline.php(219): Illuminate/Foundation/Http/Middleware/ConvertEmptyStringsToNull->handle(Object(Illuminate/Http/Request), Object(Closure))
#46 C:/xampp/htdocs/pelayanan psdkp/vendor/laravel/framework/src/Illuminate/Foundation/Http/Middleware/TransformsRequest.php(21): Illuminate/Pipeline/Pipeline->Illuminate/Pipeline/{closure}(Object(Illuminate/Http/Request))
#47 C:/xampp/htdocs/pelayanan psdkp/vendor/laravel/framework/src/Illuminate/Foundation/Http/Middleware/TrimStrings.php(51): Illuminate/Foundation/Http/Middleware/TransformsRequest->handle(Object(Illuminate/Http/Request), Object(Closure))
#48 C:/xampp/htdocs/pelayanan psdkp/vendor/laravel/framework/src/Illuminate/Pipeline/Pipeline.php(219): Illuminate/Foundation/Http/Middleware/TrimStrings->handle(Object(Illuminate/Http/Request), Object(Closure))
#49 C:/xampp/htdocs/pelayanan psdkp/vendor/laravel/framework/src/Illuminate/Http/Middleware/ValidatePostSize.php(27): Illuminate/Pipeline/Pipeline->Illuminate/Pipeline/{closure}(Object(Illuminate/Http/Request))
#50 C:/xampp/htdocs/pelayanan psdkp/vendor/laravel/framework/src/Illuminate/Pipeline/Pipeline.php(219): Illuminate/Http/Middleware/ValidatePostSize->handle(Object(Illuminate/Http/Request), Object(Closure))
#51 C:/xampp/htdocs/pelayanan psdkp/vendor/laravel/framework/src/Illuminate/Foundation/Http/Middleware/PreventRequestsDuringMaintenance.php(109): Illuminate/Pipeline/Pipeline->Illuminate/Pipeline/{closure}(Object(Illuminate/Http/Request))
#52 C:/xampp/htdocs/pelayanan psdkp/vendor/laravel/framework/src/Illuminate/Pipeline/Pipeline.php(219): Illuminate/Foundation/Http/Middleware/PreventRequestsDuringMaintenance->handle(Object(Illuminate/Http/Request), Object(Closure))
#53 C:/xampp/htdocs/pelayanan psdkp/vendor/laravel/framework/src/Illuminate/Http/Middleware/HandleCors.php(61): Illuminate/Pipeline/Pipeline->Illuminate/Pipeline/{closure}(Object(Illuminate/Http/Request))
#54 C:/xampp/htdocs/pelayanan psdkp/vendor/laravel/framework/src/Illuminate/Pipeline/Pipeline.php(219): Illuminate/Http/Middleware/HandleCors->handle(Object(Illuminate/Http/Request), Object(Closure))
#55 C:/xampp/htdocs/pelayanan psdkp/vendor/laravel/framework/src/Illuminate/Http/Middleware/TrustProxies.php(58): Illuminate/Pipeline/Pipeline->Illuminate/Pipeline/{closure}(Object(Illuminate/Http/Request))
#56 C:/xampp/htdocs/pelayanan psdkp/vendor/laravel/framework/src/Illuminate/Pipeline/Pipeline.php(219): Illuminate/Http/Middleware/TrustProxies->handle(Object(Illuminate/Http/Request), Object(Closure))
#57 C:/xampp/htdocs/pelayanan psdkp/vendor/laravel/framework/src/Illuminate/Foundation/Http/Middleware/InvokeDeferredCallbacks.php(22): Illuminate/Pipeline/Pipeline->Illuminate/Pipeline/{closure}(Object(Illuminate/Http/Request))
#58 C:/xampp/htdocs/pelayanan psdkp/vendor/laravel/framework/src/Illuminate/Pipeline/Pipeline.php(219): Illuminate/Foundation/Http/Middleware/InvokeDeferredCallbacks->handle(Object(Illuminate/Http/Request), Object(Closure))
#59 C:/xampp/htdocs/pelayanan psdkp/vendor/laravel/framework/src/Illuminate/Http/Middleware/ValidatePathEncoding.php(26): Illuminate/Pipeline/Pipeline->Illuminate/Pipeline/{closure}(Object(Illuminate/Http/Request))
#60 C:/xampp/htdocs/pelayanan psdkp/vendor/laravel/framework/src/Illuminate/Pipeline/Pipeline.php(219): Illuminate/Http/Middleware/ValidatePathEncoding->handle(Object(Illuminate/Http/Request), Object(Closure))
#61 C:/xampp/htdocs/pelayanan psdkp/vendor/laravel/framework/src/Illuminate/Pipeline/Pipeline.php(137): Illuminate/Pipeline/Pipeline->Illuminate/Pipeline/{closure}(Object(Illuminate/Http/Request))
#62 C:/xampp/htdocs/pelayanan psdkp/vendor/laravel/framework/src/Illuminate/Foundation/Http/Kernel.php(175): Illuminate/Pipeline/Pipeline->then(Object(Closure))
#63 C:/xampp/htdocs/pelayanan psdkp/vendor/laravel/framework/src/Illuminate/Foundation/Http/Kernel.php(144): Illuminate/Foundation/Http/Kernel->sendRequestThroughRouter(Object(Illuminate/Http/Request))
#64 C:/xampp/htdocs/pelayanan psdkp/vendor/laravel/framework/src/Illuminate/Foundation/Application.php(1220): Illuminate/Foundation/Http/Kernel->handle(Object(Illuminate/Http/Request))
#65 C:/xampp/htdocs/pelayanan psdkp/public/index.php(17): Illuminate/Foundation/Application->handleRequest(Object(Illuminate/Http/Request))
#66 C:/xampp/htdocs/pelayanan psdkp/vendor/laravel/framework/src/Illuminate/Foundation/resources/server.php(23): require_once('C://xampp//htdocs...')
#67 {main}
"} 
[2026-09-08 03:57:47] local.ERROR: Call to a member function isStaff() on null (View: C:\xampp\htdocs\pelayanan psdkp\resources\views\layouts\app.blade.php) (View: C:\xampp\htdocs\pelayanan psdkp\resources\views\layouts\app.blade.php) {"exception":"[object] (Illuminate\\View\\ViewException(code: 0): Call to a member function isStaff() on null (View: C:\\xampp\\htdocs\\pelayanan psdkp\\resources\\views\\layouts\\app.blade.php) (View: C:\\xampp\\htdocs\\pelayanan psdkp\\resources\\views\\layouts\\app.blade.php) at C:/xampp/htdocs/pelayanan psdkp/storage/framework/views/07e79b4e8cf5b640010c7df6461efafb.php:82)
[stacktrace]
#0 C:/xampp/htdocs/pelayanan psdkp/vendor/laravel/framework/src/Illuminate/View/Engines/PhpEngine.php(59): Illuminate/View/Engines/CompilerEngine->handleViewException(Object(Illuminate/View/ViewException), 1)
#1 C:/xampp/htdocs/pelayanan psdkp/vendor/laravel/framework/src/Illuminate/View/Engines/CompilerEngine.php(76): Illuminate/View/Engines/PhpEngine->evaluatePath('C://xampp//htdocs...', Array)
#2 C:/xampp/htdocs/pelayanan psdkp/vendor/laravel/framework/src/Illuminate/View/View.php(208): Illuminate/View/Engines/CompilerEngine->get('C://xampp//htdocs...', Array)
#3 C:/xampp/htdocs/pelayanan psdkp/vendor/laravel/framework/src/Illuminate/View/View.php(191): Illuminate/View/View->getContents()
#4 C:/xampp/htdocs/pelayanan psdkp/vendor/laravel/framework/src/Illuminate/View/View.php(160): Illuminate/View/View->renderContents()
#5 C:/xampp/htdocs/pelayanan psdkp/vendor/laravel/framework/src/Illuminate/Http/Response.php(78): Illuminate/View/View->render()
#6 C:/xampp/htdocs/pelayanan psdkp/vendor/laravel/framework/src/Illuminate/Http/Response.php(34): Illuminate/Http/Response->setContent(Object(Illuminate/View/View))
#7 C:/xampp/htdocs/pelayanan psdkp/vendor/laravel/framework/src/Illuminate/Routing/Router.php(939): Illuminate/Http/Response->__construct(Object(Illuminate/View/View), 200, Array)
#8 C:/xampp/htdocs/pelayanan psdkp/vendor/laravel/framework/src/Illuminate/Routing/Router.php(906): Illuminate/Routing/Router::toResponse(Object(Illuminate/Http/Request), Object(Illuminate/View/View))
#9 C:/xampp/htdocs/pelayanan psdkp/vendor/laravel/framework/src/Illuminate/Routing/Router.php(821): Illuminate/Routing/Router->prepareResponse(Object(Illuminate/Http/Request), Object(Illuminate/View/View))
#10 C:/xampp/htdocs/pelayanan psdkp/vendor/laravel/framework/src/Illuminate/Pipeline/Pipeline.php(180): Illuminate/Routing/Router->Illuminate/Routing/{closure}(Object(Illuminate/Http/Request))
#11 C:/xampp/htdocs/pelayanan psdkp/vendor/laravel/framework/src/Illuminate/Auth/Middleware/RedirectIfAuthenticated.php(47): Illuminate/Pipeline/Pipeline->Illuminate/Pipeline/{closure}(Object(Illuminate/Http/Request))
#12 C:/xampp/htdocs/pelayanan psdkp/vendor/laravel/framework/src/Illuminate/Pipeline/Pipeline.php(219): Illuminate/Auth/Middleware/RedirectIfAuthenticated->handle(Object(Illuminate/Http/Request), Object(Closure))
#13 C:/xampp/htdocs/pelayanan psdkp/vendor/laravel/framework/src/Illuminate/Routing/Middleware/SubstituteBindings.php(50): Illuminate/Pipeline/Pipeline->Illuminate/Pipeline/{closure}(Object(Illuminate/Http/Request))
#14 C:/xampp/htdocs/pelayanan psdkp/vendor/laravel/framework/src/Illuminate/Pipeline/Pipeline.php(219): Illuminate/Routing/Middleware/SubstituteBindings->handle(Object(Illuminate/Http/Request), Object(Closure))
#15 C:/xampp/htdocs/pelayanan psdkp/vendor/laravel/framework/src/Illuminate/Foundation/Http/Middleware/VerifyCsrfToken.php(87): Illuminate/Pipeline/Pipeline->Illuminate/Pipeline/{closure}(Object(Illuminate/Http/Request))
#16 C:/xampp/htdocs/pelayanan psdkp/vendor/laravel/framework/src/Illuminate/Pipeline/Pipeline.php(219): Illuminate/Foundation/Http/Middleware/VerifyCsrfToken->handle(Object(Illuminate/Http/Request), Object(Closure))
#17 C:/xampp/htdocs/pelayanan psdkp/vendor/laravel/framework/src/Illuminate/View/Middleware/ShareErrorsFromSession.php(48): Illuminate/Pipeline/Pipeline->Illuminate/Pipeline/{closure}(Object(Illuminate/Http/Request))
#18 C:/xampp/htdocs/pelayanan psdkp/vendor/laravel/framework/src/Illuminate/Pipeline/Pipeline.php(219): Illuminate/View/Middleware/ShareErrorsFromSession->handle(Object(Illuminate/Http/Request), Object(Closure))
#19 C:/xampp/htdocs/pelayanan psdkp/vendor/laravel/framework/src/Illuminate/Session/Middleware/StartSession.php(120): Illuminate/Pipeline/Pipeline->Illuminate/Pipeline/{closure}(Object(Illuminate/Http/Request))
#20 C:/xampp/htdocs/pelayanan psdkp/vendor/laravel/framework/src/Illuminate/Session/Middleware/StartSession.php(63): Illuminate/Session/Middleware/StartSession->handleStatefulRequest(Object(Illuminate/Http/Request), Object(Illuminate/Session/Store), Object(Closure))
#21 C:/xampp/htdocs/pelayanan psdkp/vendor/laravel/framework/src/Illuminate/Pipeline/Pipeline.php(219): Illuminate/Session/Middleware/StartSession->handle(Object(Illuminate/Http/Request), Object(Closure))
#22 C:/xampp/htdocs/pelayanan psdkp/vendor/laravel/framework/src/Illuminate/Cookie/Middleware/AddQueuedCookiesToResponse.php(36): Illuminate/Pipeline/Pipeline->Illuminate/Pipeline/{closure}(Object(Illuminate/Http/Request))
#23 C:/xampp/htdocs/pelayanan psdkp/vendor/laravel/framework/src/Illuminate/Pipeline/Pipeline.php(219): Illuminate/Cookie/Middleware/AddQueuedCookiesToResponse->handle(Object(Illuminate/Http/Request), Object(Closure))
#24 C:/xampp/htdocs/pelayanan psdkp/vendor/laravel/framework/src/Illuminate/Cookie/Middleware/EncryptCookies.php(74): Illuminate/Pipeline/Pipeline->Illuminate/Pipeline/{closure}(Object(Illuminate/Http/Request))
#25 C:/xampp/htdocs/pelayanan psdkp/vendor/laravel/framework/src/Illuminate/Pipeline/Pipeline.php(219): Illuminate/Cookie/Middleware/EncryptCookies->handle(Object(Illuminate/Http/Request), Object(Closure))
#26 C:/xampp/htdocs/pelayanan psdkp/vendor/laravel/framework/src/Illuminate/Pipeline/Pipeline.php(137): Illuminate/Pipeline/Pipeline->Illuminate/Pipeline/{closure}(Object(Illuminate/Http/Request))
#27 C:/xampp/htdocs/pelayanan psdkp/vendor/laravel/framework/src/Illuminate/Routing/Router.php(821): Illuminate/Pipeline/Pipeline->then(Object(Closure))
#28 C:/xampp/htdocs/pelayanan psdkp/vendor/laravel/framework/src/Illuminate/Routing/Router.php(800): Illuminate/Routing/Router->runRouteWithinStack(Object(Illuminate/Routing/Route), Object(Illuminate/Http/Request))
#29 C:/xampp/htdocs/pelayanan psdkp/vendor/laravel/framework/src/Illuminate/Routing/Router.php(764): Illuminate/Routing/Router->runRoute(Object(Illuminate/Http/Request), Object(Illuminate/Routing/Route))
#30 C:/xampp/htdocs/pelayanan psdkp/vendor/laravel/framework/src/Illuminate/Routing/Router.php(753): Illuminate/Routing/Router->dispatchToRoute(Object(Illuminate/Http/Request))
#31 C:/xampp/htdocs/pelayanan psdkp/vendor/laravel/framework/src/Illuminate/Foundation/Http/Kernel.php(200): Illuminate/Routing/Router->dispatch(Object(Illuminate/Http/Request))
#32 C:/xampp/htdocs/pelayanan psdkp/vendor/laravel/framework/src/Illuminate/Pipeline/Pipeline.php(180): Illuminate/Foundation/Http/Kernel->Illuminate/Foundation/Http/{closure}(Object(Illuminate/Http/Request))
#33 C:/xampp/htdocs/pelayanan psdkp/vendor/laravel/framework/src/Illuminate/Foundation/Http/Middleware/TransformsRequest.php(21): Illuminate/Pipeline/Pipeline->Illuminate/Pipeline/{closure}(Object(Illuminate/Http/Request))
#34 C:/xampp/htdocs/pelayanan psdkp/vendor/laravel/framework/src/Illuminate/Foundation/Http/Middleware/ConvertEmptyStringsToNull.php(31): Illuminate/Foundation/Http/Middleware/TransformsRequest->handle(Object(Illuminate/Http/Request), Object(Closure))
#35 C:/xampp/htdocs/pelayanan psdkp/vendor/laravel/framework/src/Illuminate/Pipeline/Pipeline.php(219): Illuminate/Foundation/Http/Middleware/ConvertEmptyStringsToNull->handle(Object(Illuminate/Http/Request), Object(Closure))
#36 C:/xampp/htdocs/pelayanan psdkp/vendor/laravel/framework/src/Illuminate/Foundation/Http/Middleware/TransformsRequest.php(21): Illuminate/Pipeline/Pipeline->Illuminate/Pipeline/{closure}(Object(Illuminate/Http/Request))
#37 C:/xampp/htdocs/pelayanan psdkp/vendor/laravel/framework/src/Illuminate/Foundation/Http/Middleware/TrimStrings.php(51): Illuminate/Foundation/Http/Middleware/TransformsRequest->handle(Object(Illuminate/Http/Request), Object(Closure))
#38 C:/xampp/htdocs/pelayanan psdkp/vendor/laravel/framework/src/Illuminate/Pipeline/Pipeline.php(219): Illuminate/Foundation/Http/Middleware/TrimStrings->handle(Object(Illuminate/Http/Request), Object(Closure))
#39 C:/xampp/htdocs/pelayanan psdkp/vendor/laravel/framework/src/Illuminate/Http/Middleware/ValidatePostSize.php(27): Illuminate/Pipeline/Pipeline->Illuminate/Pipeline/{closure}(Object(Illuminate/Http/Request))
#40 C:/xampp/htdocs/pelayanan psdkp/vendor/laravel/framework/src/Illuminate/Pipeline/Pipeline.php(219): Illuminate/Http/Middleware/ValidatePostSize->handle(Object(Illuminate/Http/Request), Object(Closure))
#41 C:/xampp/htdocs/pelayanan psdkp/vendor/laravel/framework/src/Illuminate/Foundation/Http/Middleware/PreventRequestsDuringMaintenance.php(109): Illuminate/Pipeline/Pipeline->Illuminate/Pipeline/{closure}(Object(Illuminate/Http/Request))
#42 C:/xampp/htdocs/pelayanan psdkp/vendor/laravel/framework/src/Illuminate/Pipeline/Pipeline.php(219): Illuminate/Foundation/Http/Middleware/PreventRequestsDuringMaintenance->handle(Object(Illuminate/Http/Request), Object(Closure))
#43 C:/xampp/htdocs/pelayanan psdkp/vendor/laravel/framework/src/Illuminate/Http/Middleware/HandleCors.php(61): Illuminate/Pipeline/Pipeline->Illuminate/Pipeline/{closure}(Object(Illuminate/Http/Request))
#44 C:/xampp/htdocs/pelayanan psdkp/vendor/laravel/framework/src/Illuminate/Pipeline/Pipeline.php(219): Illuminate/Http/Middleware/HandleCors->handle(Object(Illuminate/Http/Request), Object(Closure))
#45 C:/xampp/htdocs/pelayanan psdkp/vendor/laravel/framework/src/Illuminate/Http/Middleware/TrustProxies.php(58): Illuminate/Pipeline/Pipeline->Illuminate/Pipeline/{closure}(Object(Illuminate/Http/Request))
#46 C:/xampp/htdocs/pelayanan psdkp/vendor/laravel/framework/src/Illuminate/Pipeline/Pipeline.php(219): Illuminate/Http/Middleware/TrustProxies->handle(Object(Illuminate/Http/Request), Object(Closure))
#47 C:/xampp/htdocs/pelayanan psdkp/vendor/laravel/framework/src/Illuminate/Foundation/Http/Middleware/InvokeDeferredCallbacks.php(22): Illuminate/Pipeline/Pipeline->Illuminate/Pipeline/{closure}(Object(Illuminate/Http/Request))
#48 C:/xampp/htdocs/pelayanan psdkp/vendor/laravel/framework/src/Illuminate/Pipeline/Pipeline.php(219): Illuminate/Foundation/Http/Middleware/InvokeDeferredCallbacks->handle(Object(Illuminate/Http/Request), Object(Closure))
#49 C:/xampp/htdocs/pelayanan psdkp/vendor/laravel/framework/src/Illuminate/Http/Middleware/ValidatePathEncoding.php(26): Illuminate/Pipeline/Pipeline->Illuminate/Pipeline/{closure}(Object(Illuminate/Http/Request))
#50 C:/xampp/htdocs/pelayanan psdkp/vendor/laravel/framework/src/Illuminate/Pipeline/Pipeline.php(219): Illuminate/Http/Middleware/ValidatePathEncoding->handle(Object(Illuminate/Http/Request), Object(Closure))
#51 C:/xampp/htdocs/pelayanan psdkp/vendor/laravel/framework/src/Illuminate/Pipeline/Pipeline.php(137): Illuminate/Pipeline/Pipeline->Illuminate/Pipeline/{closure}(Object(Illuminate/Http/Request))
#52 C:/xampp/htdocs/pelayanan psdkp/vendor/laravel/framework/src/Illuminate/Foundation/Http/Kernel.php(175): Illuminate/Pipeline/Pipeline->then(Object(Closure))
#53 C:/xampp/htdocs/pelayanan psdkp/vendor/laravel/framework/src/Illuminate/Foundation/Http/Kernel.php(144): Illuminate/Foundation/Http/Kernel->sendRequestThroughRouter(Object(Illuminate/Http/Request))
#54 C:/xampp/htdocs/pelayanan psdkp/vendor/laravel/framework/src/Illuminate/Foundation/Application.php(1220): Illuminate/Foundation/Http/Kernel->handle(Object(Illuminate/Http/Request))
#55 C:/xampp/htdocs/pelayanan psdkp/public/index.php(17): Illuminate/Foundation/Application->handleRequest(Object(Illuminate/Http/Request))
#56 C:/xampp/htdocs/pelayanan psdkp/vendor/laravel/framework/src/Illuminate/Foundation/resources/server.php(23): require_once('C://xampp//htdocs...')
#57 {main}

[previous exception] [object] (Illuminate\\View\\ViewException(code: 0): Call to a member function isStaff() on null (View: C:\\xampp\\htdocs\\pelayanan psdkp\\resources\\views\\layouts\\app.blade.php) at C:/xampp/htdocs/pelayanan psdkp/storage/framework/views/07e79b4e8cf5b640010c7df6461efafb.php:82)
[stacktrace]
#0 C:/xampp/htdocs/pelayanan psdkp/vendor/laravel/framework/src/Illuminate/View/Engines/PhpEngine.php(59): Illuminate/View/Engines/CompilerEngine->handleViewException(Object(Error), 2)
#1 C:/xampp/htdocs/pelayanan psdkp/vendor/laravel/framework/src/Illuminate/View/Engines/CompilerEngine.php(76): Illuminate/View/Engines/PhpEngine->evaluatePath('C://xampp//htdocs...', Array)
#2 C:/xampp/htdocs/pelayanan psdkp/vendor/laravel/framework/src/Illuminate/View/View.php(208): Illuminate/View/Engines/CompilerEngine->get('C://xampp//htdocs...', Array)
#3 C:/xampp/htdocs/pelayanan psdkp/vendor/laravel/framework/src/Illuminate/View/View.php(191): Illuminate/View/View->getContents()
#4 C:/xampp/htdocs/pelayanan psdkp/vendor/laravel/framework/src/Illuminate/View/View.php(160): Illuminate/View/View->renderContents()
#5 C:/xampp/htdocs/pelayanan psdkp/storage/framework/views/a0ccc87df61a9a85a18b8129385cc4d1.php(78): Illuminate/View/View->render()
#6 C:/xampp/htdocs/pelayanan psdkp/vendor/laravel/framework/src/Illuminate/Filesystem/Filesystem.php(123): require('C://xampp//htdocs...')
#7 C:/xampp/htdocs/pelayanan psdkp/vendor/laravel/framework/src/Illuminate/Filesystem/Filesystem.php(124): Illuminate/Filesystem/Filesystem::Illuminate/Filesystem/{closure}()
#8 C:/xampp/htdocs/pelayanan psdkp/vendor/laravel/framework/src/Illuminate/View/Engines/PhpEngine.php(57): Illuminate/Filesystem/Filesystem->getRequire('C://xampp//htdocs...', Array)
#9 C:/xampp/htdocs/pelayanan psdkp/vendor/laravel/framework/src/Illuminate/View/Engines/CompilerEngine.php(76): Illuminate/View/Engines/PhpEngine->evaluatePath('C://xampp//htdocs...', Array)
#10 C:/xampp/htdocs/pelayanan psdkp/vendor/laravel/framework/src/Illuminate/View/View.php(208): Illuminate/View/Engines/CompilerEngine->get('C://xampp//htdocs...', Array)
#11 C:/xampp/htdocs/pelayanan psdkp/vendor/laravel/framework/src/Illuminate/View/View.php(191): Illuminate/View/View->getContents()
#12 C:/xampp/htdocs/pelayanan psdkp/vendor/laravel/framework/src/Illuminate/View/View.php(160): Illuminate/View/View->renderContents()
#13 C:/xampp/htdocs/pelayanan psdkp/vendor/laravel/framework/src/Illuminate/Http/Response.php(78): Illuminate/View/View->render()
#14 C:/xampp/htdocs/pelayanan psdkp/vendor/laravel/framework/src/Illuminate/Http/Response.php(34): Illuminate/Http/Response->setContent(Object(Illuminate/View/View))
#15 C:/xampp/htdocs/pelayanan psdkp/vendor/laravel/framework/src/Illuminate/Routing/Router.php(939): Illuminate/Http/Response->__construct(Object(Illuminate/View/View), 200, Array)
#16 C:/xampp/htdocs/pelayanan psdkp/vendor/laravel/framework/src/Illuminate/Routing/Router.php(906): Illuminate/Routing/Router::toResponse(Object(Illuminate/Http/Request), Object(Illuminate/View/View))
#17 C:/xampp/htdocs/pelayanan psdkp/vendor/laravel/framework/src/Illuminate/Routing/Router.php(821): Illuminate/Routing/Router->prepareResponse(Object(Illuminate/Http/Request), Object(Illuminate/View/View))
#18 C:/xampp/htdocs/pelayanan psdkp/vendor/laravel/framework/src/Illuminate/Pipeline/Pipeline.php(180): Illuminate/Routing/Router->Illuminate/Routing/{closure}(Object(Illuminate/Http/Request))
#19 C:/xampp/htdocs/pelayanan psdkp/vendor/laravel/framework/src/Illuminate/Auth/Middleware/RedirectIfAuthenticated.php(47): Illuminate/Pipeline/Pipeline->Illuminate/Pipeline/{closure}(Object(Illuminate/Http/Request))
#20 C:/xampp/htdocs/pelayanan psdkp/vendor/laravel/framework/src/Illuminate/Pipeline/Pipeline.php(219): Illuminate/Auth/Middleware/RedirectIfAuthenticated->handle(Object(Illuminate/Http/Request), Object(Closure))
#21 C:/xampp/htdocs/pelayanan psdkp/vendor/laravel/framework/src/Illuminate/Routing/Middleware/SubstituteBindings.php(50): Illuminate/Pipeline/Pipeline->Illuminate/Pipeline/{closure}(Object(Illuminate/Http/Request))
#22 C:/xampp/htdocs/pelayanan psdkp/vendor/laravel/framework/src/Illuminate/Pipeline/Pipeline.php(219): Illuminate/Routing/Middleware/SubstituteBindings->handle(Object(Illuminate/Http/Request), Object(Closure))
#23 C:/xampp/htdocs/pelayanan psdkp/vendor/laravel/framework/src/Illuminate/Foundation/Http/Middleware/VerifyCsrfToken.php(87): Illuminate/Pipeline/Pipeline->Illuminate/Pipeline/{closure}(Object(Illuminate/Http/Request))
#24 C:/xampp/htdocs/pelayanan psdkp/vendor/laravel/framework/src/Illuminate/Pipeline/Pipeline.php(219): Illuminate/Foundation/Http/Middleware/VerifyCsrfToken->handle(Object(Illuminate/Http/Request), Object(Closure))
#25 C:/xampp/htdocs/pelayanan psdkp/vendor/laravel/framework/src/Illuminate/View/Middleware/ShareErrorsFromSession.php(48): Illuminate/Pipeline/Pipeline->Illuminate/Pipeline/{closure}(Object(Illuminate/Http/Request))
#26 C:/xampp/htdocs/pelayanan psdkp/vendor/laravel/framework/src/Illuminate/Pipeline/Pipeline.php(219): Illuminate/View/Middleware/ShareErrorsFromSession->handle(Object(Illuminate/Http/Request), Object(Closure))
#27 C:/xampp/htdocs/pelayanan psdkp/vendor/laravel/framework/src/Illuminate/Session/Middleware/StartSession.php(120): Illuminate/Pipeline/Pipeline->Illuminate/Pipeline/{closure}(Object(Illuminate/Http/Request))
#28 C:/xampp/htdocs/pelayanan psdkp/vendor/laravel/framework/src/Illuminate/Session/Middleware/StartSession.php(63): Illuminate/Session/Middleware/StartSession->handleStatefulRequest(Object(Illuminate/Http/Request), Object(Illuminate/Session/Store), Object(Closure))
#29 C:/xampp/htdocs/pelayanan psdkp/vendor/laravel/framework/src/Illuminate/Pipeline/Pipeline.php(219): Illuminate/Session/Middleware/StartSession->handle(Object(Illuminate/Http/Request), Object(Closure))
#30 C:/xampp/htdocs/pelayanan psdkp/vendor/laravel/framework/src/Illuminate/Cookie/Middleware/AddQueuedCookiesToResponse.php(36): Illuminate/Pipeline/Pipeline->Illuminate/Pipeline/{closure}(Object(Illuminate/Http/Request))
#31 C:/xampp/htdocs/pelayanan psdkp/vendor/laravel/framework/src/Illuminate/Pipeline/Pipeline.php(219): Illuminate/Cookie/Middleware/AddQueuedCookiesToResponse->handle(Object(Illuminate/Http/Request), Object(Closure))
#32 C:/xampp/htdocs/pelayanan psdkp/vendor/laravel/framework/src/Illuminate/Cookie/Middleware/EncryptCookies.php(74): Illuminate/Pipeline/Pipeline->Illuminate/Pipeline/{closure}(Object(Illuminate/Http/Request))
#33 C:/xampp/htdocs/pelayanan psdkp/vendor/laravel/framework/src/Illuminate/Pipeline/Pipeline.php(219): Illuminate/Cookie/Middleware/EncryptCookies->handle(Object(Illuminate/Http/Request), Object(Closure))
#34 C:/xampp/htdocs/pelayanan psdkp/vendor/laravel/framework/src/Illuminate/Pipeline/Pipeline.php(137): Illuminate/Pipeline/Pipeline->Illuminate/Pipeline/{closure}(Object(Illuminate/Http/Request))
#35 C:/xampp/htdocs/pelayanan psdkp/vendor/laravel/framework/src/Illuminate/Routing/Router.php(821): Illuminate/Pipeline/Pipeline->then(Object(Closure))
#36 C:/xampp/htdocs/pelayanan psdkp/vendor/laravel/framework/src/Illuminate/Routing/Router.php(800): Illuminate/Routing/Router->runRouteWithinStack(Object(Illuminate/Routing/Route), Object(Illuminate/Http/Request))
#37 C:/xampp/htdocs/pelayanan psdkp/vendor/laravel/framework/src/Illuminate/Routing/Router.php(764): Illuminate/Routing/Router->runRoute(Object(Illuminate/Http/Request), Object(Illuminate/Routing/Route))
#38 C:/xampp/htdocs/pelayanan psdkp/vendor/laravel/framework/src/Illuminate/Routing/Router.php(753): Illuminate/Routing/Router->dispatchToRoute(Object(Illuminate/Http/Request))
#39 C:/xampp/htdocs/pelayanan psdkp/vendor/laravel/framework/src/Illuminate/Foundation/Http/Kernel.php(200): Illuminate/Routing/Router->dispatch(Object(Illuminate/Http/Request))
#40 C:/xampp/htdocs/pelayanan psdkp/vendor/laravel/framework/src/Illuminate/Pipeline/Pipeline.php(180): Illuminate/Foundation/Http/Kernel->Illuminate/Foundation/Http/{closure}(Object(Illuminate/Http/Request))
#41 C:/xampp/htdocs/pelayanan psdkp/vendor/laravel/framework/src/Illuminate/Foundation/Http/Middleware/TransformsRequest.php(21): Illuminate/Pipeline/Pipeline->Illuminate/Pipeline/{closure}(Object(Illuminate/Http/Request))
#42 C:/xampp/htdocs/pelayanan psdkp/vendor/laravel/framework/src/Illuminate/Foundation/Http/Middleware/ConvertEmptyStringsToNull.php(31): Illuminate/Foundation/Http/Middleware/TransformsRequest->handle(Object(Illuminate/Http/Request), Object(Closure))
#43 C:/xampp/htdocs/pelayanan psdkp/vendor/laravel/framework/src/Illuminate/Pipeline/Pipeline.php(219): Illuminate/Foundation/Http/Middleware/ConvertEmptyStringsToNull->handle(Object(Illuminate/Http/Request), Object(Closure))
#44 C:/xampp/htdocs/pelayanan psdkp/vendor/laravel/framework/src/Illuminate/Foundation/Http/Middleware/TransformsRequest.php(21): Illuminate/Pipeline/Pipeline->Illuminate/Pipeline/{closure}(Object(Illuminate/Http/Request))
#45 C:/xampp/htdocs/pelayanan psdkp/vendor/laravel/framework/src/Illuminate/Foundation/Http/Middleware/TrimStrings.php(51): Illuminate/Foundation/Http/Middleware/TransformsRequest->handle(Object(Illuminate/Http/Request), Object(Closure))
#46 C:/xampp/htdocs/pelayanan psdkp/vendor/laravel/framework/src/Illuminate/Pipeline/Pipeline.php(219): Illuminate/Foundation/Http/Middleware/TrimStrings->handle(Object(Illuminate/Http/Request), Object(Closure))
#47 C:/xampp/htdocs/pelayanan psdkp/vendor/laravel/framework/src/Illuminate/Http/Middleware/ValidatePostSize.php(27): Illuminate/Pipeline/Pipeline->Illuminate/Pipeline/{closure}(Object(Illuminate/Http/Request))
#48 C:/xampp/htdocs/pelayanan psdkp/vendor/laravel/framework/src/Illuminate/Pipeline/Pipeline.php(219): Illuminate/Http/Middleware/ValidatePostSize->handle(Object(Illuminate/Http/Request), Object(Closure))
#49 C:/xampp/htdocs/pelayanan psdkp/vendor/laravel/framework/src/Illuminate/Foundation/Http/Middleware/PreventRequestsDuringMaintenance.php(109): Illuminate/Pipeline/Pipeline->Illuminate/Pipeline/{closure}(Object(Illuminate/Http/Request))
#50 C:/xampp/htdocs/pelayanan psdkp/vendor/laravel/framework/src/Illuminate/Pipeline/Pipeline.php(219): Illuminate/Foundation/Http/Middleware/PreventRequestsDuringMaintenance->handle(Object(Illuminate/Http/Request), Object(Closure))
#51 C:/xampp/htdocs/pelayanan psdkp/vendor/laravel/framework/src/Illuminate/Http/Middleware/HandleCors.php(61): Illuminate/Pipeline/Pipeline->Illuminate/Pipeline/{closure}(Object(Illuminate/Http/Request))
#52 C:/xampp/htdocs/pelayanan psdkp/vendor/laravel/framework/src/Illuminate/Pipeline/Pipeline.php(219): Illuminate/Http/Middleware/HandleCors->handle(Object(Illuminate/Http/Request), Object(Closure))
#53 C:/xampp/htdocs/pelayanan psdkp/vendor/laravel/framework/src/Illuminate/Http/Middleware/TrustProxies.php(58): Illuminate/Pipeline/Pipeline->Illuminate/Pipeline/{closure}(Object(Illuminate/Http/Request))
#54 C:/xampp/htdocs/pelayanan psdkp/vendor/laravel/framework/src/Illuminate/Pipeline/Pipeline.php(219): Illuminate/Http/Middleware/TrustProxies->handle(Object(Illuminate/Http/Request), Object(Closure))
#55 C:/xampp/htdocs/pelayanan psdkp/vendor/laravel/framework/src/Illuminate/Foundation/Http/Middleware/InvokeDeferredCallbacks.php(22): Illuminate/Pipeline/Pipeline->Illuminate/Pipeline/{closure}(Object(Illuminate/Http/Request))
#56 C:/xampp/htdocs/pelayanan psdkp/vendor/laravel/framework/src/Illuminate/Pipeline/Pipeline.php(219): Illuminate/Foundation/Http/Middleware/InvokeDeferredCallbacks->handle(Object(Illuminate/Http/Request), Object(Closure))
#57 C:/xampp/htdocs/pelayanan psdkp/vendor/laravel/framework/src/Illuminate/Http/Middleware/ValidatePathEncoding.php(26): Illuminate/Pipeline/Pipeline->Illuminate/Pipeline/{closure}(Object(Illuminate/Http/Request))
#58 C:/xampp/htdocs/pelayanan psdkp/vendor/laravel/framework/src/Illuminate/Pipeline/Pipeline.php(219): Illuminate/Http/Middleware/ValidatePathEncoding->handle(Object(Illuminate/Http/Request), Object(Closure))
#59 C:/xampp/htdocs/pelayanan psdkp/vendor/laravel/framework/src/Illuminate/Pipeline/Pipeline.php(137): Illuminate/Pipeline/Pipeline->Illuminate/Pipeline/{closure}(Object(Illuminate/Http/Request))
#60 C:/xampp/htdocs/pelayanan psdkp/vendor/laravel/framework/src/Illuminate/Foundation/Http/Kernel.php(175): Illuminate/Pipeline/Pipeline->then(Object(Closure))
#61 C:/xampp/htdocs/pelayanan psdkp/vendor/laravel/framework/src/Illuminate/Foundation/Http/Kernel.php(144): Illuminate/Foundation/Http/Kernel->sendRequestThroughRouter(Object(Illuminate/Http/Request))
#62 C:/xampp/htdocs/pelayanan psdkp/vendor/laravel/framework/src/Illuminate/Foundation/Application.php(1220): Illuminate/Foundation/Http/Kernel->handle(Object(Illuminate/Http/Request))
#63 C:/xampp/htdocs/pelayanan psdkp/public/index.php(17): Illuminate/Foundation/Application->handleRequest(Object(Illuminate/Http/Request))
#64 C:/xampp/htdocs/pelayanan psdkp/vendor/laravel/framework/src/Illuminate/Foundation/resources/server.php(23): require_once('C://xampp//htdocs...')
#65 {main}

[previous exception] [object] (Error(code: 0): Call to a member function isStaff() on null at C:/xampp/htdocs/pelayanan psdkp/storage/framework/views/07e79b4e8cf5b640010c7df6461efafb.php:82)
[stacktrace]
#0 C:/xampp/htdocs/pelayanan psdkp/vendor/laravel/framework/src/Illuminate/Filesystem/Filesystem.php(123): require()
#1 C:/xampp/htdocs/pelayanan psdkp/vendor/laravel/framework/src/Illuminate/Filesystem/Filesystem.php(124): Illuminate/Filesystem/Filesystem::Illuminate/Filesystem/{closure}()
#2 C:/xampp/htdocs/pelayanan psdkp/vendor/laravel/framework/src/Illuminate/View/Engines/PhpEngine.php(57): Illuminate/Filesystem/Filesystem->getRequire('C://xampp//htdocs...', Array)
#3 C:/xampp/htdocs/pelayanan psdkp/vendor/laravel/framework/src/Illuminate/View/Engines/CompilerEngine.php(76): Illuminate/View/Engines/PhpEngine->evaluatePath('C://xampp//htdocs...', Array)
#4 C:/xampp/htdocs/pelayanan psdkp/vendor/laravel/framework/src/Illuminate/View/View.php(208): Illuminate/View/Engines/CompilerEngine->get('C://xampp//htdocs...', Array)
#5 C:/xampp/htdocs/pelayanan psdkp/vendor/laravel/framework/src/Illuminate/View/View.php(191): Illuminate/View/View->getContents()
#6 C:/xampp/htdocs/pelayanan psdkp/vendor/laravel/framework/src/Illuminate/View/View.php(160): Illuminate/View/View->renderContents()
#7 C:/xampp/htdocs/pelayanan psdkp/storage/framework/views/a0ccc87df61a9a85a18b8129385cc4d1.php(78): Illuminate/View/View->render()
#8 C:/xampp/htdocs/pelayanan psdkp/vendor/laravel/framework/src/Illuminate/Filesystem/Filesystem.php(123): require('C://xampp//htdocs...')
#9 C:/xampp/htdocs/pelayanan psdkp/vendor/laravel/framework/src/Illuminate/Filesystem/Filesystem.php(124): Illuminate/Filesystem/Filesystem::Illuminate/Filesystem/{closure}()
#10 C:/xampp/htdocs/pelayanan psdkp/vendor/laravel/framework/src/Illuminate/View/Engines/PhpEngine.php(57): Illuminate/Filesystem/Filesystem->getRequire('C://xampp//htdocs...', Array)
#11 C:/xampp/htdocs/pelayanan psdkp/vendor/laravel/framework/src/Illuminate/View/Engines/CompilerEngine.php(76): Illuminate/View/Engines/PhpEngine->evaluatePath('C://xampp//htdocs...', Array)
#12 C:/xampp/htdocs/pelayanan psdkp/vendor/laravel/framework/src/Illuminate/View/View.php(208): Illuminate/View/Engines/CompilerEngine->get('C://xampp//htdocs...', Array)
#13 C:/xampp/htdocs/pelayanan psdkp/vendor/laravel/framework/src/Illuminate/View/View.php(191): Illuminate/View/View->getContents()
#14 C:/xampp/htdocs/pelayanan psdkp/vendor/laravel/framework/src/Illuminate/View/View.php(160): Illuminate/View/View->renderContents()
#15 C:/xampp/htdocs/pelayanan psdkp/vendor/laravel/framework/src/Illuminate/Http/Response.php(78): Illuminate/View/View->render()
#16 C:/xampp/htdocs/pelayanan psdkp/vendor/laravel/framework/src/Illuminate/Http/Response.php(34): Illuminate/Http/Response->setContent(Object(Illuminate/View/View))
#17 C:/xampp/htdocs/pelayanan psdkp/vendor/laravel/framework/src/Illuminate/Routing/Router.php(939): Illuminate/Http/Response->__construct(Object(Illuminate/View/View), 200, Array)
#18 C:/xampp/htdocs/pelayanan psdkp/vendor/laravel/framework/src/Illuminate/Routing/Router.php(906): Illuminate/Routing/Router::toResponse(Object(Illuminate/Http/Request), Object(Illuminate/View/View))
#19 C:/xampp/htdocs/pelayanan psdkp/vendor/laravel/framework/src/Illuminate/Routing/Router.php(821): Illuminate/Routing/Router->prepareResponse(Object(Illuminate/Http/Request), Object(Illuminate/View/View))
#20 C:/xampp/htdocs/pelayanan psdkp/vendor/laravel/framework/src/Illuminate/Pipeline/Pipeline.php(180): Illuminate/Routing/Router->Illuminate/Routing/{closure}(Object(Illuminate/Http/Request))
#21 C:/xampp/htdocs/pelayanan psdkp/vendor/laravel/framework/src/Illuminate/Auth/Middleware/RedirectIfAuthenticated.php(47): Illuminate/Pipeline/Pipeline->Illuminate/Pipeline/{closure}(Object(Illuminate/Http/Request))
#22 C:/xampp/htdocs/pelayanan psdkp/vendor/laravel/framework/src/Illuminate/Pipeline/Pipeline.php(219): Illuminate/Auth/Middleware/RedirectIfAuthenticated->handle(Object(Illuminate/Http/Request), Object(Closure))
#23 C:/xampp/htdocs/pelayanan psdkp/vendor/laravel/framework/src/Illuminate/Routing/Middleware/SubstituteBindings.php(50): Illuminate/Pipeline/Pipeline->Illuminate/Pipeline/{closure}(Object(Illuminate/Http/Request))
#24 C:/xampp/htdocs/pelayanan psdkp/vendor/laravel/framework/src/Illuminate/Pipeline/Pipeline.php(219): Illuminate/Routing/Middleware/SubstituteBindings->handle(Object(Illuminate/Http/Request), Object(Closure))
#25 C:/xampp/htdocs/pelayanan psdkp/vendor/laravel/framework/src/Illuminate/Foundation/Http/Middleware/VerifyCsrfToken.php(87): Illuminate/Pipeline/Pipeline->Illuminate/Pipeline/{closure}(Object(Illuminate/Http/Request))
#26 C:/xampp/htdocs/pelayanan psdkp/vendor/laravel/framework/src/Illuminate/Pipeline/Pipeline.php(219): Illuminate/Foundation/Http/Middleware/VerifyCsrfToken->handle(Object(Illuminate/Http/Request), Object(Closure))
#27 C:/xampp/htdocs/pelayanan psdkp/vendor/laravel/framework/src/Illuminate/View/Middleware/ShareErrorsFromSession.php(48): Illuminate/Pipeline/Pipeline->Illuminate/Pipeline/{closure}(Object(Illuminate/Http/Request))
#28 C:/xampp/htdocs/pelayanan psdkp/vendor/laravel/framework/src/Illuminate/Pipeline/Pipeline.php(219): Illuminate/View/Middleware/ShareErrorsFromSession->handle(Object(Illuminate/Http/Request), Object(Closure))
#29 C:/xampp/htdocs/pelayanan psdkp/vendor/laravel/framework/src/Illuminate/Session/Middleware/StartSession.php(120): Illuminate/Pipeline/Pipeline->Illuminate/Pipeline/{closure}(Object(Illuminate/Http/Request))
#30 C:/xampp/htdocs/pelayanan psdkp/vendor/laravel/framework/src/Illuminate/Session/Middleware/StartSession.php(63): Illuminate/Session/Middleware/StartSession->handleStatefulRequest(Object(Illuminate/Http/Request), Object(Illuminate/Session/Store), Object(Closure))
#31 C:/xampp/htdocs/pelayanan psdkp/vendor/laravel/framework/src/Illuminate/Pipeline/Pipeline.php(219): Illuminate/Session/Middleware/StartSession->handle(Object(Illuminate/Http/Request), Object(Closure))
#32 C:/xampp/htdocs/pelayanan psdkp/vendor/laravel/framework/src/Illuminate/Cookie/Middleware/AddQueuedCookiesToResponse.php(36): Illuminate/Pipeline/Pipeline->Illuminate/Pipeline/{closure}(Object(Illuminate/Http/Request))
#33 C:/xampp/htdocs/pelayanan psdkp/vendor/laravel/framework/src/Illuminate/Pipeline/Pipeline.php(219): Illuminate/Cookie/Middleware/AddQueuedCookiesToResponse->handle(Object(Illuminate/Http/Request), Object(Closure))
#34 C:/xampp/htdocs/pelayanan psdkp/vendor/laravel/framework/src/Illuminate/Cookie/Middleware/EncryptCookies.php(74): Illuminate/Pipeline/Pipeline->Illuminate/Pipeline/{closure}(Object(Illuminate/Http/Request))
#35 C:/xampp/htdocs/pelayanan psdkp/vendor/laravel/framework/src/Illuminate/Pipeline/Pipeline.php(219): Illuminate/Cookie/Middleware/EncryptCookies->handle(Object(Illuminate/Http/Request), Object(Closure))
#36 C:/xampp/htdocs/pelayanan psdkp/vendor/laravel/framework/src/Illuminate/Pipeline/Pipeline.php(137): Illuminate/Pipeline/Pipeline->Illuminate/Pipeline/{closure}(Object(Illuminate/Http/Request))
#37 C:/xampp/htdocs/pelayanan psdkp/vendor/laravel/framework/src/Illuminate/Routing/Router.php(821): Illuminate/Pipeline/Pipeline->then(Object(Closure))
#38 C:/xampp/htdocs/pelayanan psdkp/vendor/laravel/framework/src/Illuminate/Routing/Router.php(800): Illuminate/Routing/Router->runRouteWithinStack(Object(Illuminate/Routing/Route), Object(Illuminate/Http/Request))
#39 C:/xampp/htdocs/pelayanan psdkp/vendor/laravel/framework/src/Illuminate/Routing/Router.php(764): Illuminate/Routing/Router->runRoute(Object(Illuminate/Http/Request), Object(Illuminate/Routing/Route))
#40 C:/xampp/htdocs/pelayanan psdkp/vendor/laravel/framework/src/Illuminate/Routing/Router.php(753): Illuminate/Routing/Router->dispatchToRoute(Object(Illuminate/Http/Request))
#41 C:/xampp/htdocs/pelayanan psdkp/vendor/laravel/framework/src/Illuminate/Foundation/Http/Kernel.php(200): Illuminate/Routing/Router->dispatch(Object(Illuminate/Http/Request))
#42 C:/xampp/htdocs/pelayanan psdkp/vendor/laravel/framework/src/Illuminate/Pipeline/Pipeline.php(180): Illuminate/Foundation/Http/Kernel->Illuminate/Foundation/Http/{closure}(Object(Illuminate/Http/Request))
#43 C:/xampp/htdocs/pelayanan psdkp/vendor/laravel/framework/src/Illuminate/Foundation/Http/Middleware/TransformsRequest.php(21): Illuminate/Pipeline/Pipeline->Illuminate/Pipeline/{closure}(Object(Illuminate/Http/Request))
#44 C:/xampp/htdocs/pelayanan psdkp/vendor/laravel/framework/src/Illuminate/Foundation/Http/Middleware/ConvertEmptyStringsToNull.php(31): Illuminate/Foundation/Http/Middleware/TransformsRequest->handle(Object(Illuminate/Http/Request), Object(Closure))
#45 C:/xampp/htdocs/pelayanan psdkp/vendor/laravel/framework/src/Illuminate/Pipeline/Pipeline.php(219): Illuminate/Foundation/Http/Middleware/ConvertEmptyStringsToNull->handle(Object(Illuminate/Http/Request), Object(Closure))
#46 C:/xampp/htdocs/pelayanan psdkp/vendor/laravel/framework/src/Illuminate/Foundation/Http/Middleware/TransformsRequest.php(21): Illuminate/Pipeline/Pipeline->Illuminate/Pipeline/{closure}(Object(Illuminate/Http/Request))
#47 C:/xampp/htdocs/pelayanan psdkp/vendor/laravel/framework/src/Illuminate/Foundation/Http/Middleware/TrimStrings.php(51): Illuminate/Foundation/Http/Middleware/TransformsRequest->handle(Object(Illuminate/Http/Request), Object(Closure))
#48 C:/xampp/htdocs/pelayanan psdkp/vendor/laravel/framework/src/Illuminate/Pipeline/Pipeline.php(219): Illuminate/Foundation/Http/Middleware/TrimStrings->handle(Object(Illuminate/Http/Request), Object(Closure))
#49 C:/xampp/htdocs/pelayanan psdkp/vendor/laravel/framework/src/Illuminate/Http/Middleware/ValidatePostSize.php(27): Illuminate/Pipeline/Pipeline->Illuminate/Pipeline/{closure}(Object(Illuminate/Http/Request))
#50 C:/xampp/htdocs/pelayanan psdkp/vendor/laravel/framework/src/Illuminate/Pipeline/Pipeline.php(219): Illuminate/Http/Middleware/ValidatePostSize->handle(Object(Illuminate/Http/Request), Object(Closure))
#51 C:/xampp/htdocs/pelayanan psdkp/vendor/laravel/framework/src/Illuminate/Foundation/Http/Middleware/PreventRequestsDuringMaintenance.php(109): Illuminate/Pipeline/Pipeline->Illuminate/Pipeline/{closure}(Object(Illuminate/Http/Request))
#52 C:/xampp/htdocs/pelayanan psdkp/vendor/laravel/framework/src/Illuminate/Pipeline/Pipeline.php(219): Illuminate/Foundation/Http/Middleware/PreventRequestsDuringMaintenance->handle(Object(Illuminate/Http/Request), Object(Closure))
#53 C:/xampp/htdocs/pelayanan psdkp/vendor/laravel/framework/src/Illuminate/Http/Middleware/HandleCors.php(61): Illuminate/Pipeline/Pipeline->Illuminate/Pipeline/{closure}(Object(Illuminate/Http/Request))
#54 C:/xampp/htdocs/pelayanan psdkp/vendor/laravel/framework/src/Illuminate/Pipeline/Pipeline.php(219): Illuminate/Http/Middleware/HandleCors->handle(Object(Illuminate/Http/Request), Object(Closure))
#55 C:/xampp/htdocs/pelayanan psdkp/vendor/laravel/framework/src/Illuminate/Http/Middleware/TrustProxies.php(58): Illuminate/Pipeline/Pipeline->Illuminate/Pipeline/{closure}(Object(Illuminate/Http/Request))
#56 C:/xampp/htdocs/pelayanan psdkp/vendor/laravel/framework/src/Illuminate/Pipeline/Pipeline.php(219): Illuminate/Http/Middleware/TrustProxies->handle(Object(Illuminate/Http/Request), Object(Closure))
#57 C:/xampp/htdocs/pelayanan psdkp/vendor/laravel/framework/src/Illuminate/Foundation/Http/Middleware/InvokeDeferredCallbacks.php(22): Illuminate/Pipeline/Pipeline->Illuminate/Pipeline/{closure}(Object(Illuminate/Http/Request))
#58 C:/xampp/htdocs/pelayanan psdkp/vendor/laravel/framework/src/Illuminate/Pipeline/Pipeline.php(219): Illuminate/Foundation/Http/Middleware/InvokeDeferredCallbacks->handle(Object(Illuminate/Http/Request), Object(Closure))
#59 C:/xampp/htdocs/pelayanan psdkp/vendor/laravel/framework/src/Illuminate/Http/Middleware/ValidatePathEncoding.php(26): Illuminate/Pipeline/Pipeline->Illuminate/Pipeline/{closure}(Object(Illuminate/Http/Request))
#60 C:/xampp/htdocs/pelayanan psdkp/vendor/laravel/framework/src/Illuminate/Pipeline/Pipeline.php(219): Illuminate/Http/Middleware/ValidatePathEncoding->handle(Object(Illuminate/Http/Request), Object(Closure))
#61 C:/xampp/htdocs/pelayanan psdkp/vendor/laravel/framework/src/Illuminate/Pipeline/Pipeline.php(137): Illuminate/Pipeline/Pipeline->Illuminate/Pipeline/{closure}(Object(Illuminate/Http/Request))
#62 C:/xampp/htdocs/pelayanan psdkp/vendor/laravel/framework/src/Illuminate/Foundation/Http/Kernel.php(175): Illuminate/Pipeline/Pipeline->then(Object(Closure))
#63 C:/xampp/htdocs/pelayanan psdkp/vendor/laravel/framework/src/Illuminate/Foundation/Http/Kernel.php(144): Illuminate/Foundation/Http/Kernel->sendRequestThroughRouter(Object(Illuminate/Http/Request))
#64 C:/xampp/htdocs/pelayanan psdkp/vendor/laravel/framework/src/Illuminate/Foundation/Application.php(1220): Illuminate/Foundation/Http/Kernel->handle(Object(Illuminate/Http/Request))
#65 C:/xampp/htdocs/pelayanan psdkp/public/index.php(17): Illuminate/Foundation/Application->handleRequest(Object(Illuminate/Http/Request))
#66 C:/xampp/htdocs/pelayanan psdkp/vendor/laravel/framework/src/Illuminate/Foundation/resources/server.php(23): require_once('C://xampp//htdocs...')
#67 {main}
"} 
[2026-09-08 06:48:39] local.ERROR: Attempt to read property "sipi_start" on null (View: C:\xampp\htdocs\pelayanan psdkp\resources\views\services\show.blade.php) {"userId":1,"exception":"[object] (Illuminate\\View\\ViewException(code: 0): Attempt to read property \"sipi_start\" on null (View: C:\\xampp\\htdocs\\pelayanan psdkp\\resources\\views\\services\\show.blade.php) at C:/xampp/htdocs/pelayanan psdkp/storage/framework/views/67ee54d62467b17d5087e56a690bdaf4.php:110)
[stacktrace]
#0 C:/xampp/htdocs/pelayanan psdkp/vendor/laravel/framework/src/Illuminate/View/Engines/PhpEngine.php(59): Illuminate/View/Engines/CompilerEngine->handleViewException(Object(ErrorException), 1)
#1 C:/xampp/htdocs/pelayanan psdkp/vendor/laravel/framework/src/Illuminate/View/Engines/CompilerEngine.php(76): Illuminate/View/Engines/PhpEngine->evaluatePath('C://xampp//htdocs...', Array)
#2 C:/xampp/htdocs/pelayanan psdkp/vendor/laravel/framework/src/Illuminate/View/View.php(208): Illuminate/View/Engines/CompilerEngine->get('C://xampp//htdocs...', Array)
#3 C:/xampp/htdocs/pelayanan psdkp/vendor/laravel/framework/src/Illuminate/View/View.php(191): Illuminate/View/View->getContents()
#4 C:/xampp/htdocs/pelayanan psdkp/vendor/laravel/framework/src/Illuminate/View/View.php(160): Illuminate/View/View->renderContents()
#5 C:/xampp/htdocs/pelayanan psdkp/vendor/laravel/framework/src/Illuminate/Http/Response.php(78): Illuminate/View/View->render()
#6 C:/xampp/htdocs/pelayanan psdkp/vendor/laravel/framework/src/Illuminate/Http/Response.php(34): Illuminate/Http/Response->setContent(Object(Illuminate/View/View))
#7 C:/xampp/htdocs/pelayanan psdkp/vendor/laravel/framework/src/Illuminate/Routing/Router.php(939): Illuminate/Http/Response->__construct(Object(Illuminate/View/View), 200, Array)
#8 C:/xampp/htdocs/pelayanan psdkp/vendor/laravel/framework/src/Illuminate/Routing/Router.php(906): Illuminate/Routing/Router::toResponse(Object(Illuminate/Http/Request), Object(Illuminate/View/View))
#9 C:/xampp/htdocs/pelayanan psdkp/vendor/laravel/framework/src/Illuminate/Routing/Router.php(821): Illuminate/Routing/Router->prepareResponse(Object(Illuminate/Http/Request), Object(Illuminate/View/View))
#10 C:/xampp/htdocs/pelayanan psdkp/vendor/laravel/framework/src/Illuminate/Pipeline/Pipeline.php(180): Illuminate/Routing/Router->Illuminate/Routing/{closure}(Object(Illuminate/Http/Request))
#11 C:/xampp/htdocs/pelayanan psdkp/app/Http/Middleware/RoleMiddleware.php(2): Illuminate/Pipeline/Pipeline->Illuminate/Pipeline/{closure}(Object(Illuminate/Http/Request))
#12 C:/xampp/htdocs/pelayanan psdkp/vendor/laravel/framework/src/Illuminate/Pipeline/Pipeline.php(219): App/Http/Middleware/RoleMiddleware->handle(Object(Illuminate/Http/Request), Object(Closure), 'admin', 'petugas')
#13 C:/xampp/htdocs/pelayanan psdkp/vendor/laravel/framework/src/Illuminate/Routing/Middleware/SubstituteBindings.php(50): Illuminate/Pipeline/Pipeline->Illuminate/Pipeline/{closure}(Object(Illuminate/Http/Request))
#14 C:/xampp/htdocs/pelayanan psdkp/vendor/laravel/framework/src/Illuminate/Pipeline/Pipeline.php(219): Illuminate/Routing/Middleware/SubstituteBindings->handle(Object(Illuminate/Http/Request), Object(Closure))
#15 C:/xampp/htdocs/pelayanan psdkp/vendor/laravel/framework/src/Illuminate/Auth/Middleware/Authenticate.php(63): Illuminate/Pipeline/Pipeline->Illuminate/Pipeline/{closure}(Object(Illuminate/Http/Request))
#16 C:/xampp/htdocs/pelayanan psdkp/vendor/laravel/framework/src/Illuminate/Pipeline/Pipeline.php(219): Illuminate/Auth/Middleware/Authenticate->handle(Object(Illuminate/Http/Request), Object(Closure))
#17 C:/xampp/htdocs/pelayanan psdkp/vendor/laravel/framework/src/Illuminate/Foundation/Http/Middleware/VerifyCsrfToken.php(87): Illuminate/Pipeline/Pipeline->Illuminate/Pipeline/{closure}(Object(Illuminate/Http/Request))
#18 C:/xampp/htdocs/pelayanan psdkp/vendor/laravel/framework/src/Illuminate/Pipeline/Pipeline.php(219): Illuminate/Foundation/Http/Middleware/VerifyCsrfToken->handle(Object(Illuminate/Http/Request), Object(Closure))
#19 C:/xampp/htdocs/pelayanan psdkp/vendor/laravel/framework/src/Illuminate/View/Middleware/ShareErrorsFromSession.php(48): Illuminate/Pipeline/Pipeline->Illuminate/Pipeline/{closure}(Object(Illuminate/Http/Request))
#20 C:/xampp/htdocs/pelayanan psdkp/vendor/laravel/framework/src/Illuminate/Pipeline/Pipeline.php(219): Illuminate/View/Middleware/ShareErrorsFromSession->handle(Object(Illuminate/Http/Request), Object(Closure))
#21 C:/xampp/htdocs/pelayanan psdkp/vendor/laravel/framework/src/Illuminate/Session/Middleware/StartSession.php(120): Illuminate/Pipeline/Pipeline->Illuminate/Pipeline/{closure}(Object(Illuminate/Http/Request))
#22 C:/xampp/htdocs/pelayanan psdkp/vendor/laravel/framework/src/Illuminate/Session/Middleware/StartSession.php(63): Illuminate/Session/Middleware/StartSession->handleStatefulRequest(Object(Illuminate/Http/Request), Object(Illuminate/Session/Store), Object(Closure))
#23 C:/xampp/htdocs/pelayanan psdkp/vendor/laravel/framework/src/Illuminate/Pipeline/Pipeline.php(219): Illuminate/Session/Middleware/StartSession->handle(Object(Illuminate/Http/Request), Object(Closure))
#24 C:/xampp/htdocs/pelayanan psdkp/vendor/laravel/framework/src/Illuminate/Cookie/Middleware/AddQueuedCookiesToResponse.php(36): Illuminate/Pipeline/Pipeline->Illuminate/Pipeline/{closure}(Object(Illuminate/Http/Request))
#25 C:/xampp/htdocs/pelayanan psdkp/vendor/laravel/framework/src/Illuminate/Pipeline/Pipeline.php(219): Illuminate/Cookie/Middleware/AddQueuedCookiesToResponse->handle(Object(Illuminate/Http/Request), Object(Closure))
#26 C:/xampp/htdocs/pelayanan psdkp/vendor/laravel/framework/src/Illuminate/Cookie/Middleware/EncryptCookies.php(74): Illuminate/Pipeline/Pipeline->Illuminate/Pipeline/{closure}(Object(Illuminate/Http/Request))
#27 C:/xampp/htdocs/pelayanan psdkp/vendor/laravel/framework/src/Illuminate/Pipeline/Pipeline.php(219): Illuminate/Cookie/Middleware/EncryptCookies->handle(Object(Illuminate/Http/Request), Object(Closure))
#28 C:/xampp/htdocs/pelayanan psdkp/vendor/laravel/framework/src/Illuminate/Pipeline/Pipeline.php(137): Illuminate/Pipeline/Pipeline->Illuminate/Pipeline/{closure}(Object(Illuminate/Http/Request))
#29 C:/xampp/htdocs/pelayanan psdkp/vendor/laravel/framework/src/Illuminate/Routing/Router.php(821): Illuminate/Pipeline/Pipeline->then(Object(Closure))
#30 C:/xampp/htdocs/pelayanan psdkp/vendor/laravel/framework/src/Illuminate/Routing/Router.php(800): Illuminate/Routing/Router->runRouteWithinStack(Object(Illuminate/Routing/Route), Object(Illuminate/Http/Request))
#31 C:/xampp/htdocs/pelayanan psdkp/vendor/laravel/framework/src/Illuminate/Routing/Router.php(764): Illuminate/Routing/Router->runRoute(Object(Illuminate/Http/Request), Object(Illuminate/Routing/Route))
#32 C:/xampp/htdocs/pelayanan psdkp/vendor/laravel/framework/src/Illuminate/Routing/Router.php(753): Illuminate/Routing/Router->dispatchToRoute(Object(Illuminate/Http/Request))
#33 C:/xampp/htdocs/pelayanan psdkp/vendor/laravel/framework/src/Illuminate/Foundation/Http/Kernel.php(200): Illuminate/Routing/Router->dispatch(Object(Illuminate/Http/Request))
#34 C:/xampp/htdocs/pelayanan psdkp/vendor/laravel/framework/src/Illuminate/Pipeline/Pipeline.php(180): Illuminate/Foundation/Http/Kernel->Illuminate/Foundation/Http/{closure}(Object(Illuminate/Http/Request))
#35 C:/xampp/htdocs/pelayanan psdkp/vendor/laravel/framework/src/Illuminate/Foundation/Http/Middleware/TransformsRequest.php(21): Illuminate/Pipeline/Pipeline->Illuminate/Pipeline/{closure}(Object(Illuminate/Http/Request))
#36 C:/xampp/htdocs/pelayanan psdkp/vendor/laravel/framework/src/Illuminate/Foundation/Http/Middleware/ConvertEmptyStringsToNull.php(31): Illuminate/Foundation/Http/Middleware/TransformsRequest->handle(Object(Illuminate/Http/Request), Object(Closure))
#37 C:/xampp/htdocs/pelayanan psdkp/vendor/laravel/framework/src/Illuminate/Pipeline/Pipeline.php(219): Illuminate/Foundation/Http/Middleware/ConvertEmptyStringsToNull->handle(Object(Illuminate/Http/Request), Object(Closure))
#38 C:/xampp/htdocs/pelayanan psdkp/vendor/laravel/framework/src/Illuminate/Foundation/Http/Middleware/TransformsRequest.php(21): Illuminate/Pipeline/Pipeline->Illuminate/Pipeline/{closure}(Object(Illuminate/Http/Request))
#39 C:/xampp/htdocs/pelayanan psdkp/vendor/laravel/framework/src/Illuminate/Foundation/Http/Middleware/TrimStrings.php(51): Illuminate/Foundation/Http/Middleware/TransformsRequest->handle(Object(Illuminate/Http/Request), Object(Closure))
#40 C:/xampp/htdocs/pelayanan psdkp/vendor/laravel/framework/src/Illuminate/Pipeline/Pipeline.php(219): Illuminate/Foundation/Http/Middleware/TrimStrings->handle(Object(Illuminate/Http/Request), Object(Closure))
#41 C:/xampp/htdocs/pelayanan psdkp/vendor/laravel/framework/src/Illuminate/Http/Middleware/ValidatePostSize.php(27): Illuminate/Pipeline/Pipeline->Illuminate/Pipeline/{closure}(Object(Illuminate/Http/Request))
#42 C:/xampp/htdocs/pelayanan psdkp/vendor/laravel/framework/src/Illuminate/Pipeline/Pipeline.php(219): Illuminate/Http/Middleware/ValidatePostSize->handle(Object(Illuminate/Http/Request), Object(Closure))
#43 C:/xampp/htdocs/pelayanan psdkp/vendor/laravel/framework/src/Illuminate/Foundation/Http/Middleware/PreventRequestsDuringMaintenance.php(109): Illuminate/Pipeline/Pipeline->Illuminate/Pipeline/{closure}(Object(Illuminate/Http/Request))
#44 C:/xampp/htdocs/pelayanan psdkp/vendor/laravel/framework/src/Illuminate/Pipeline/Pipeline.php(219): Illuminate/Foundation/Http/Middleware/PreventRequestsDuringMaintenance->handle(Object(Illuminate/Http/Request), Object(Closure))
#45 C:/xampp/htdocs/pelayanan psdkp/vendor/laravel/framework/src/Illuminate/Http/Middleware/HandleCors.php(61): Illuminate/Pipeline/Pipeline->Illuminate/Pipeline/{closure}(Object(Illuminate/Http/Request))
#46 C:/xampp/htdocs/pelayanan psdkp/vendor/laravel/framework/src/Illuminate/Pipeline/Pipeline.php(219): Illuminate/Http/Middleware/HandleCors->handle(Object(Illuminate/Http/Request), Object(Closure))
#47 C:/xampp/htdocs/pelayanan psdkp/vendor/laravel/framework/src/Illuminate/Http/Middleware/TrustProxies.php(58): Illuminate/Pipeline/Pipeline->Illuminate/Pipeline/{closure}(Object(Illuminate/Http/Request))
#48 C:/xampp/htdocs/pelayanan psdkp/vendor/laravel/framework/src/Illuminate/Pipeline/Pipeline.php(219): Illuminate/Http/Middleware/TrustProxies->handle(Object(Illuminate/Http/Request), Object(Closure))
#49 C:/xampp/htdocs/pelayanan psdkp/vendor/laravel/framework/src/Illuminate/Foundation/Http/Middleware/InvokeDeferredCallbacks.php(22): Illuminate/Pipeline/Pipeline->Illuminate/Pipeline/{closure}(Object(Illuminate/Http/Request))
#50 C:/xampp/htdocs/pelayanan psdkp/vendor/laravel/framework/src/Illuminate/Pipeline/Pipeline.php(219): Illuminate/Foundation/Http/Middleware/InvokeDeferredCallbacks->handle(Object(Illuminate/Http/Request), Object(Closure))
#51 C:/xampp/htdocs/pelayanan psdkp/vendor/laravel/framework/src/Illuminate/Http/Middleware/ValidatePathEncoding.php(26): Illuminate/Pipeline/Pipeline->Illuminate/Pipeline/{closure}(Object(Illuminate/Http/Request))
#52 C:/xampp/htdocs/pelayanan psdkp/vendor/laravel/framework/src/Illuminate/Pipeline/Pipeline.php(219): Illuminate/Http/Middleware/ValidatePathEncoding->handle(Object(Illuminate/Http/Request), Object(Closure))
#53 C:/xampp/htdocs/pelayanan psdkp/vendor/laravel/framework/src/Illuminate/Pipeline/Pipeline.php(137): Illuminate/Pipeline/Pipeline->Illuminate/Pipeline/{closure}(Object(Illuminate/Http/Request))
#54 C:/xampp/htdocs/pelayanan psdkp/vendor/laravel/framework/src/Illuminate/Foundation/Http/Kernel.php(175): Illuminate/Pipeline/Pipeline->then(Object(Closure))
#55 C:/xampp/htdocs/pelayanan psdkp/vendor/laravel/framework/src/Illuminate/Foundation/Http/Kernel.php(144): Illuminate/Foundation/Http/Kernel->sendRequestThroughRouter(Object(Illuminate/Http/Request))
#56 C:/xampp/htdocs/pelayanan psdkp/vendor/laravel/framework/src/Illuminate/Foundation/Application.php(1220): Illuminate/Foundation/Http/Kernel->handle(Object(Illuminate/Http/Request))
#57 C:/xampp/htdocs/pelayanan psdkp/public/index.php(17): Illuminate/Foundation/Application->handleRequest(Object(Illuminate/Http/Request))
#58 C:/xampp/htdocs/pelayanan psdkp/vendor/laravel/framework/src/Illuminate/Foundation/resources/server.php(23): require_once('C://xampp//htdocs...')
#59 {main}

[previous exception] [object] (ErrorException(code: 0): Attempt to read property \"sipi_start\" on null at C:/xampp/htdocs/pelayanan psdkp/storage/framework/views/67ee54d62467b17d5087e56a690bdaf4.php:110)
[stacktrace]
#0 C:/xampp/htdocs/pelayanan psdkp/vendor/laravel/framework/src/Illuminate/Foundation/Bootstrap/HandleExceptions.php(262): Illuminate/Foundation/Bootstrap/HandleExceptions->handleError(2, 'Attempt to read...', 'C://xampp//htdocs...', 110)
#1 C:/xampp/htdocs/pelayanan psdkp/storage/framework/views/67ee54d62467b17d5087e56a690bdaf4.php(110): Illuminate/Foundation/Bootstrap/HandleExceptions->Illuminate/Foundation/Bootstrap/{closure}(2, 'Attempt to read...', 'C://xampp//htdocs...', 110)
#2 C:/xampp/htdocs/pelayanan psdkp/vendor/laravel/framework/src/Illuminate/Filesystem/Filesystem.php(123): require('C://xampp//htdocs...')
#3 C:/xampp/htdocs/pelayanan psdkp/vendor/laravel/framework/src/Illuminate/Filesystem/Filesystem.php(124): Illuminate/Filesystem/Filesystem::Illuminate/Filesystem/{closure}()
#4 C:/xampp/htdocs/pelayanan psdkp/vendor/laravel/framework/src/Illuminate/View/Engines/PhpEngine.php(57): Illuminate/Filesystem/Filesystem->getRequire('C://xampp//htdocs...', Array)
#5 C:/xampp/htdocs/pelayanan psdkp/vendor/laravel/framework/src/Illuminate/View/Engines/CompilerEngine.php(76): Illuminate/View/Engines/PhpEngine->evaluatePath('C://xampp//htdocs...', Array)
#6 C:/xampp/htdocs/pelayanan psdkp/vendor/laravel/framework/src/Illuminate/View/View.php(208): Illuminate/View/Engines/CompilerEngine->get('C://xampp//htdocs...', Array)
#7 C:/xampp/htdocs/pelayanan psdkp/vendor/laravel/framework/src/Illuminate/View/View.php(191): Illuminate/View/View->getContents()
#8 C:/xampp/htdocs/pelayanan psdkp/vendor/laravel/framework/src/Illuminate/View/View.php(160): Illuminate/View/View->renderContents()
#9 C:/xampp/htdocs/pelayanan psdkp/vendor/laravel/framework/src/Illuminate/Http/Response.php(78): Illuminate/View/View->render()
#10 C:/xampp/htdocs/pelayanan psdkp/vendor/laravel/framework/src/Illuminate/Http/Response.php(34): Illuminate/Http/Response->setContent(Object(Illuminate/View/View))
#11 C:/xampp/htdocs/pelayanan psdkp/vendor/laravel/framework/src/Illuminate/Routing/Router.php(939): Illuminate/Http/Response->__construct(Object(Illuminate/View/View), 200, Array)
#12 C:/xampp/htdocs/pelayanan psdkp/vendor/laravel/framework/src/Illuminate/Routing/Router.php(906): Illuminate/Routing/Router::toResponse(Object(Illuminate/Http/Request), Object(Illuminate/View/View))
#13 C:/xampp/htdocs/pelayanan psdkp/vendor/laravel/framework/src/Illuminate/Routing/Router.php(821): Illuminate/Routing/Router->prepareResponse(Object(Illuminate/Http/Request), Object(Illuminate/View/View))
#14 C:/xampp/htdocs/pelayanan psdkp/vendor/laravel/framework/src/Illuminate/Pipeline/Pipeline.php(180): Illuminate/Routing/Router->Illuminate/Routing/{closure}(Object(Illuminate/Http/Request))
#15 C:/xampp/htdocs/pelayanan psdkp/app/Http/Middleware/RoleMiddleware.php(2): Illuminate/Pipeline/Pipeline->Illuminate/Pipeline/{closure}(Object(Illuminate/Http/Request))
#16 C:/xampp/htdocs/pelayanan psdkp/vendor/laravel/framework/src/Illuminate/Pipeline/Pipeline.php(219): App/Http/Middleware/RoleMiddleware->handle(Object(Illuminate/Http/Request), Object(Closure), 'admin', 'petugas')
#17 C:/xampp/htdocs/pelayanan psdkp/vendor/laravel/framework/src/Illuminate/Routing/Middleware/SubstituteBindings.php(50): Illuminate/Pipeline/Pipeline->Illuminate/Pipeline/{closure}(Object(Illuminate/Http/Request))
#18 C:/xampp/htdocs/pelayanan psdkp/vendor/laravel/framework/src/Illuminate/Pipeline/Pipeline.php(219): Illuminate/Routing/Middleware/SubstituteBindings->handle(Object(Illuminate/Http/Request), Object(Closure))
#19 C:/xampp/htdocs/pelayanan psdkp/vendor/laravel/framework/src/Illuminate/Auth/Middleware/Authenticate.php(63): Illuminate/Pipeline/Pipeline->Illuminate/Pipeline/{closure}(Object(Illuminate/Http/Request))
#20 C:/xampp/htdocs/pelayanan psdkp/vendor/laravel/framework/src/Illuminate/Pipeline/Pipeline.php(219): Illuminate/Auth/Middleware/Authenticate->handle(Object(Illuminate/Http/Request), Object(Closure))
#21 C:/xampp/htdocs/pelayanan psdkp/vendor/laravel/framework/src/Illuminate/Foundation/Http/Middleware/VerifyCsrfToken.php(87): Illuminate/Pipeline/Pipeline->Illuminate/Pipeline/{closure}(Object(Illuminate/Http/Request))
#22 C:/xampp/htdocs/pelayanan psdkp/vendor/laravel/framework/src/Illuminate/Pipeline/Pipeline.php(219): Illuminate/Foundation/Http/Middleware/VerifyCsrfToken->handle(Object(Illuminate/Http/Request), Object(Closure))
#23 C:/xampp/htdocs/pelayanan psdkp/vendor/laravel/framework/src/Illuminate/View/Middleware/ShareErrorsFromSession.php(48): Illuminate/Pipeline/Pipeline->Illuminate/Pipeline/{closure}(Object(Illuminate/Http/Request))
#24 C:/xampp/htdocs/pelayanan psdkp/vendor/laravel/framework/src/Illuminate/Pipeline/Pipeline.php(219): Illuminate/View/Middleware/ShareErrorsFromSession->handle(Object(Illuminate/Http/Request), Object(Closure))
#25 C:/xampp/htdocs/pelayanan psdkp/vendor/laravel/framework/src/Illuminate/Session/Middleware/StartSession.php(120): Illuminate/Pipeline/Pipeline->Illuminate/Pipeline/{closure}(Object(Illuminate/Http/Request))
#26 C:/xampp/htdocs/pelayanan psdkp/vendor/laravel/framework/src/Illuminate/Session/Middleware/StartSession.php(63): Illuminate/Session/Middleware/StartSession->handleStatefulRequest(Object(Illuminate/Http/Request), Object(Illuminate/Session/Store), Object(Closure))
#27 C:/xampp/htdocs/pelayanan psdkp/vendor/laravel/framework/src/Illuminate/Pipeline/Pipeline.php(219): Illuminate/Session/Middleware/StartSession->handle(Object(Illuminate/Http/Request), Object(Closure))
#28 C:/xampp/htdocs/pelayanan psdkp/vendor/laravel/framework/src/Illuminate/Cookie/Middleware/AddQueuedCookiesToResponse.php(36): Illuminate/Pipeline/Pipeline->Illuminate/Pipeline/{closure}(Object(Illuminate/Http/Request))
#29 C:/xampp/htdocs/pelayanan psdkp/vendor/laravel/framework/src/Illuminate/Pipeline/Pipeline.php(219): Illuminate/Cookie/Middleware/AddQueuedCookiesToResponse->handle(Object(Illuminate/Http/Request), Object(Closure))
#30 C:/xampp/htdocs/pelayanan psdkp/vendor/laravel/framework/src/Illuminate/Cookie/Middleware/EncryptCookies.php(74): Illuminate/Pipeline/Pipeline->Illuminate/Pipeline/{closure}(Object(Illuminate/Http/Request))
#31 C:/xampp/htdocs/pelayanan psdkp/vendor/laravel/framework/src/Illuminate/Pipeline/Pipeline.php(219): Illuminate/Cookie/Middleware/EncryptCookies->handle(Object(Illuminate/Http/Request), Object(Closure))
#32 C:/xampp/htdocs/pelayanan psdkp/vendor/laravel/framework/src/Illuminate/Pipeline/Pipeline.php(137): Illuminate/Pipeline/Pipeline->Illuminate/Pipeline/{closure}(Object(Illuminate/Http/Request))
#33 C:/xampp/htdocs/pelayanan psdkp/vendor/laravel/framework/src/Illuminate/Routing/Router.php(821): Illuminate/Pipeline/Pipeline->then(Object(Closure))
#34 C:/xampp/htdocs/pelayanan psdkp/vendor/laravel/framework/src/Illuminate/Routing/Router.php(800): Illuminate/Routing/Router->runRouteWithinStack(Object(Illuminate/Routing/Route), Object(Illuminate/Http/Request))
#35 C:/xampp/htdocs/pelayanan psdkp/vendor/laravel/framework/src/Illuminate/Routing/Router.php(764): Illuminate/Routing/Router->runRoute(Object(Illuminate/Http/Request), Object(Illuminate/Routing/Route))
#36 C:/xampp/htdocs/pelayanan psdkp/vendor/laravel/framework/src/Illuminate/Routing/Router.php(753): Illuminate/Routing/Router->dispatchToRoute(Object(Illuminate/Http/Request))
#37 C:/xampp/htdocs/pelayanan psdkp/vendor/laravel/framework/src/Illuminate/Foundation/Http/Kernel.php(200): Illuminate/Routing/Router->dispatch(Object(Illuminate/Http/Request))
#38 C:/xampp/htdocs/pelayanan psdkp/vendor/laravel/framework/src/Illuminate/Pipeline/Pipeline.php(180): Illuminate/Foundation/Http/Kernel->Illuminate/Foundation/Http/{closure}(Object(Illuminate/Http/Request))
#39 C:/xampp/htdocs/pelayanan psdkp/vendor/laravel/framework/src/Illuminate/Foundation/Http/Middleware/TransformsRequest.php(21): Illuminate/Pipeline/Pipeline->Illuminate/Pipeline/{closure}(Object(Illuminate/Http/Request))
#40 C:/xampp/htdocs/pelayanan psdkp/vendor/laravel/framework/src/Illuminate/Foundation/Http/Middleware/ConvertEmptyStringsToNull.php(31): Illuminate/Foundation/Http/Middleware/TransformsRequest->handle(Object(Illuminate/Http/Request), Object(Closure))
#41 C:/xampp/htdocs/pelayanan psdkp/vendor/laravel/framework/src/Illuminate/Pipeline/Pipeline.php(219): Illuminate/Foundation/Http/Middleware/ConvertEmptyStringsToNull->handle(Object(Illuminate/Http/Request), Object(Closure))
#42 C:/xampp/htdocs/pelayanan psdkp/vendor/laravel/framework/src/Illuminate/Foundation/Http/Middleware/TransformsRequest.php(21): Illuminate/Pipeline/Pipeline->Illuminate/Pipeline/{closure}(Object(Illuminate/Http/Request))
#43 C:/xampp/htdocs/pelayanan psdkp/vendor/laravel/framework/src/Illuminate/Foundation/Http/Middleware/TrimStrings.php(51): Illuminate/Foundation/Http/Middleware/TransformsRequest->handle(Object(Illuminate/Http/Request), Object(Closure))
#44 C:/xampp/htdocs/pelayanan psdkp/vendor/laravel/framework/src/Illuminate/Pipeline/Pipeline.php(219): Illuminate/Foundation/Http/Middleware/TrimStrings->handle(Object(Illuminate/Http/Request), Object(Closure))
#45 C:/xampp/htdocs/pelayanan psdkp/vendor/laravel/framework/src/Illuminate/Http/Middleware/ValidatePostSize.php(27): Illuminate/Pipeline/Pipeline->Illuminate/Pipeline/{closure}(Object(Illuminate/Http/Request))
#46 C:/xampp/htdocs/pelayanan psdkp/vendor/laravel/framework/src/Illuminate/Pipeline/Pipeline.php(219): Illuminate/Http/Middleware/ValidatePostSize->handle(Object(Illuminate/Http/Request), Object(Closure))
#47 C:/xampp/htdocs/pelayanan psdkp/vendor/laravel/framework/src/Illuminate/Foundation/Http/Middleware/PreventRequestsDuringMaintenance.php(109): Illuminate/Pipeline/Pipeline->Illuminate/Pipeline/{closure}(Object(Illuminate/Http/Request))
#48 C:/xampp/htdocs/pelayanan psdkp/vendor/laravel/framework/src/Illuminate/Pipeline/Pipeline.php(219): Illuminate/Foundation/Http/Middleware/PreventRequestsDuringMaintenance->handle(Object(Illuminate/Http/Request), Object(Closure))
#49 C:/xampp/htdocs/pelayanan psdkp/vendor/laravel/framework/src/Illuminate/Http/Middleware/HandleCors.php(61): Illuminate/Pipeline/Pipeline->Illuminate/Pipeline/{closure}(Object(Illuminate/Http/Request))
#50 C:/xampp/htdocs/pelayanan psdkp/vendor/laravel/framework/src/Illuminate/Pipeline/Pipeline.php(219): Illuminate/Http/Middleware/HandleCors->handle(Object(Illuminate/Http/Request), Object(Closure))
#51 C:/xampp/htdocs/pelayanan psdkp/vendor/laravel/framework/src/Illuminate/Http/Middleware/TrustProxies.php(58): Illuminate/Pipeline/Pipeline->Illuminate/Pipeline/{closure}(Object(Illuminate/Http/Request))
#52 C:/xampp/htdocs/pelayanan psdkp/vendor/laravel/framework/src/Illuminate/Pipeline/Pipeline.php(219): Illuminate/Http/Middleware/TrustProxies->handle(Object(Illuminate/Http/Request), Object(Closure))
#53 C:/xampp/htdocs/pelayanan psdkp/vendor/laravel/framework/src/Illuminate/Foundation/Http/Middleware/InvokeDeferredCallbacks.php(22): Illuminate/Pipeline/Pipeline->Illuminate/Pipeline/{closure}(Object(Illuminate/Http/Request))
#54 C:/xampp/htdocs/pelayanan psdkp/vendor/laravel/framework/src/Illuminate/Pipeline/Pipeline.php(219): Illuminate/Foundation/Http/Middleware/InvokeDeferredCallbacks->handle(Object(Illuminate/Http/Request), Object(Closure))
#55 C:/xampp/htdocs/pelayanan psdkp/vendor/laravel/framework/src/Illuminate/Http/Middleware/ValidatePathEncoding.php(26): Illuminate/Pipeline/Pipeline->Illuminate/Pipeline/{closure}(Object(Illuminate/Http/Request))
#56 C:/xampp/htdocs/pelayanan psdkp/vendor/laravel/framework/src/Illuminate/Pipeline/Pipeline.php(219): Illuminate/Http/Middleware/ValidatePathEncoding->handle(Object(Illuminate/Http/Request), Object(Closure))
#57 C:/xampp/htdocs/pelayanan psdkp/vendor/laravel/framework/src/Illuminate/Pipeline/Pipeline.php(137): Illuminate/Pipeline/Pipeline->Illuminate/Pipeline/{closure}(Object(Illuminate/Http/Request))
#58 C:/xampp/htdocs/pelayanan psdkp/vendor/laravel/framework/src/Illuminate/Foundation/Http/Kernel.php(175): Illuminate/Pipeline/Pipeline->then(Object(Closure))
#59 C:/xampp/htdocs/pelayanan psdkp/vendor/laravel/framework/src/Illuminate/Foundation/Http/Kernel.php(144): Illuminate/Foundation/Http/Kernel->sendRequestThroughRouter(Object(Illuminate/Http/Request))
#60 C:/xampp/htdocs/pelayanan psdkp/vendor/laravel/framework/src/Illuminate/Foundation/Application.php(1220): Illuminate/Foundation/Http/Kernel->handle(Object(Illuminate/Http/Request))
#61 C:/xampp/htdocs/pelayanan psdkp/public/index.php(17): Illuminate/Foundation/Application->handleRequest(Object(Illuminate/Http/Request))
#62 C:/xampp/htdocs/pelayanan psdkp/vendor/laravel/framework/src/Illuminate/Foundation/resources/server.php(23): require_once('C://xampp//htdocs...')
#63 {main}
"} 
[2026-09-08 07:03:35] local.ERROR: Call to a member function format() on null (View: C:\xampp\htdocs\pelayanan psdkp\resources\views\services\show.blade.php) {"userId":1,"exception":"[object] (Illuminate\\View\\ViewException(code: 0): Call to a member function format() on null (View: C:\\xampp\\htdocs\\pelayanan psdkp\\resources\\views\\services\\show.blade.php) at C:/xampp/htdocs/pelayanan psdkp/storage/framework/views/67ee54d62467b17d5087e56a690bdaf4.php:241)
[stacktrace]
#0 C:/xampp/htdocs/pelayanan psdkp/vendor/laravel/framework/src/Illuminate/View/Engines/PhpEngine.php(59): Illuminate/View/Engines/CompilerEngine->handleViewException(Object(Error), 1)
#1 C:/xampp/htdocs/pelayanan psdkp/vendor/laravel/framework/src/Illuminate/View/Engines/CompilerEngine.php(76): Illuminate/View/Engines/PhpEngine->evaluatePath('C://xampp//htdocs...', Array)
#2 C:/xampp/htdocs/pelayanan psdkp/vendor/laravel/framework/src/Illuminate/View/View.php(208): Illuminate/View/Engines/CompilerEngine->get('C://xampp//htdocs...', Array)
#3 C:/xampp/htdocs/pelayanan psdkp/vendor/laravel/framework/src/Illuminate/View/View.php(191): Illuminate/View/View->getContents()
#4 C:/xampp/htdocs/pelayanan psdkp/vendor/laravel/framework/src/Illuminate/View/View.php(160): Illuminate/View/View->renderContents()
#5 C:/xampp/htdocs/pelayanan psdkp/vendor/laravel/framework/src/Illuminate/Http/Response.php(78): Illuminate/View/View->render()
#6 C:/xampp/htdocs/pelayanan psdkp/vendor/laravel/framework/src/Illuminate/Http/Response.php(34): Illuminate/Http/Response->setContent(Object(Illuminate/View/View))
#7 C:/xampp/htdocs/pelayanan psdkp/vendor/laravel/framework/src/Illuminate/Routing/Router.php(939): Illuminate/Http/Response->__construct(Object(Illuminate/View/View), 200, Array)
#8 C:/xampp/htdocs/pelayanan psdkp/vendor/laravel/framework/src/Illuminate/Routing/Router.php(906): Illuminate/Routing/Router::toResponse(Object(Illuminate/Http/Request), Object(Illuminate/View/View))
#9 C:/xampp/htdocs/pelayanan psdkp/vendor/laravel/framework/src/Illuminate/Routing/Router.php(821): Illuminate/Routing/Router->prepareResponse(Object(Illuminate/Http/Request), Object(Illuminate/View/View))
#10 C:/xampp/htdocs/pelayanan psdkp/vendor/laravel/framework/src/Illuminate/Pipeline/Pipeline.php(180): Illuminate/Routing/Router->Illuminate/Routing/{closure}(Object(Illuminate/Http/Request))
#11 C:/xampp/htdocs/pelayanan psdkp/app/Http/Middleware/RoleMiddleware.php(2): Illuminate/Pipeline/Pipeline->Illuminate/Pipeline/{closure}(Object(Illuminate/Http/Request))
#12 C:/xampp/htdocs/pelayanan psdkp/vendor/laravel/framework/src/Illuminate/Pipeline/Pipeline.php(219): App/Http/Middleware/RoleMiddleware->handle(Object(Illuminate/Http/Request), Object(Closure), 'admin', 'petugas')
#13 C:/xampp/htdocs/pelayanan psdkp/vendor/laravel/framework/src/Illuminate/Routing/Middleware/SubstituteBindings.php(50): Illuminate/Pipeline/Pipeline->Illuminate/Pipeline/{closure}(Object(Illuminate/Http/Request))
#14 C:/xampp/htdocs/pelayanan psdkp/vendor/laravel/framework/src/Illuminate/Pipeline/Pipeline.php(219): Illuminate/Routing/Middleware/SubstituteBindings->handle(Object(Illuminate/Http/Request), Object(Closure))
#15 C:/xampp/htdocs/pelayanan psdkp/vendor/laravel/framework/src/Illuminate/Auth/Middleware/Authenticate.php(63): Illuminate/Pipeline/Pipeline->Illuminate/Pipeline/{closure}(Object(Illuminate/Http/Request))
#16 C:/xampp/htdocs/pelayanan psdkp/vendor/laravel/framework/src/Illuminate/Pipeline/Pipeline.php(219): Illuminate/Auth/Middleware/Authenticate->handle(Object(Illuminate/Http/Request), Object(Closure))
#17 C:/xampp/htdocs/pelayanan psdkp/vendor/laravel/framework/src/Illuminate/Foundation/Http/Middleware/VerifyCsrfToken.php(87): Illuminate/Pipeline/Pipeline->Illuminate/Pipeline/{closure}(Object(Illuminate/Http/Request))
#18 C:/xampp/htdocs/pelayanan psdkp/vendor/laravel/framework/src/Illuminate/Pipeline/Pipeline.php(219): Illuminate/Foundation/Http/Middleware/VerifyCsrfToken->handle(Object(Illuminate/Http/Request), Object(Closure))
#19 C:/xampp/htdocs/pelayanan psdkp/vendor/laravel/framework/src/Illuminate/View/Middleware/ShareErrorsFromSession.php(48): Illuminate/Pipeline/Pipeline->Illuminate/Pipeline/{closure}(Object(Illuminate/Http/Request))
#20 C:/xampp/htdocs/pelayanan psdkp/vendor/laravel/framework/src/Illuminate/Pipeline/Pipeline.php(219): Illuminate/View/Middleware/ShareErrorsFromSession->handle(Object(Illuminate/Http/Request), Object(Closure))
#21 C:/xampp/htdocs/pelayanan psdkp/vendor/laravel/framework/src/Illuminate/Session/Middleware/StartSession.php(120): Illuminate/Pipeline/Pipeline->Illuminate/Pipeline/{closure}(Object(Illuminate/Http/Request))
#22 C:/xampp/htdocs/pelayanan psdkp/vendor/laravel/framework/src/Illuminate/Session/Middleware/StartSession.php(63): Illuminate/Session/Middleware/StartSession->handleStatefulRequest(Object(Illuminate/Http/Request), Object(Illuminate/Session/Store), Object(Closure))
#23 C:/xampp/htdocs/pelayanan psdkp/vendor/laravel/framework/src/Illuminate/Pipeline/Pipeline.php(219): Illuminate/Session/Middleware/StartSession->handle(Object(Illuminate/Http/Request), Object(Closure))
#24 C:/xampp/htdocs/pelayanan psdkp/vendor/laravel/framework/src/Illuminate/Cookie/Middleware/AddQueuedCookiesToResponse.php(36): Illuminate/Pipeline/Pipeline->Illuminate/Pipeline/{closure}(Object(Illuminate/Http/Request))
#25 C:/xampp/htdocs/pelayanan psdkp/vendor/laravel/framework/src/Illuminate/Pipeline/Pipeline.php(219): Illuminate/Cookie/Middleware/AddQueuedCookiesToResponse->handle(Object(Illuminate/Http/Request), Object(Closure))
#26 C:/xampp/htdocs/pelayanan psdkp/vendor/laravel/framework/src/Illuminate/Cookie/Middleware/EncryptCookies.php(74): Illuminate/Pipeline/Pipeline->Illuminate/Pipeline/{closure}(Object(Illuminate/Http/Request))
#27 C:/xampp/htdocs/pelayanan psdkp/vendor/laravel/framework/src/Illuminate/Pipeline/Pipeline.php(219): Illuminate/Cookie/Middleware/EncryptCookies->handle(Object(Illuminate/Http/Request), Object(Closure))
#28 C:/xampp/htdocs/pelayanan psdkp/vendor/laravel/framework/src/Illuminate/Pipeline/Pipeline.php(137): Illuminate/Pipeline/Pipeline->Illuminate/Pipeline/{closure}(Object(Illuminate/Http/Request))
#29 C:/xampp/htdocs/pelayanan psdkp/vendor/laravel/framework/src/Illuminate/Routing/Router.php(821): Illuminate/Pipeline/Pipeline->then(Object(Closure))
#30 C:/xampp/htdocs/pelayanan psdkp/vendor/laravel/framework/src/Illuminate/Routing/Router.php(800): Illuminate/Routing/Router->runRouteWithinStack(Object(Illuminate/Routing/Route), Object(Illuminate/Http/Request))
#31 C:/xampp/htdocs/pelayanan psdkp/vendor/laravel/framework/src/Illuminate/Routing/Router.php(764): Illuminate/Routing/Router->runRoute(Object(Illuminate/Http/Request), Object(Illuminate/Routing/Route))
#32 C:/xampp/htdocs/pelayanan psdkp/vendor/laravel/framework/src/Illuminate/Routing/Router.php(753): Illuminate/Routing/Router->dispatchToRoute(Object(Illuminate/Http/Request))
#33 C:/xampp/htdocs/pelayanan psdkp/vendor/laravel/framework/src/Illuminate/Foundation/Http/Kernel.php(200): Illuminate/Routing/Router->dispatch(Object(Illuminate/Http/Request))
#34 C:/xampp/htdocs/pelayanan psdkp/vendor/laravel/framework/src/Illuminate/Pipeline/Pipeline.php(180): Illuminate/Foundation/Http/Kernel->Illuminate/Foundation/Http/{closure}(Object(Illuminate/Http/Request))
#35 C:/xampp/htdocs/pelayanan psdkp/vendor/laravel/framework/src/Illuminate/Foundation/Http/Middleware/TransformsRequest.php(21): Illuminate/Pipeline/Pipeline->Illuminate/Pipeline/{closure}(Object(Illuminate/Http/Request))
#36 C:/xampp/htdocs/pelayanan psdkp/vendor/laravel/framework/src/Illuminate/Foundation/Http/Middleware/ConvertEmptyStringsToNull.php(31): Illuminate/Foundation/Http/Middleware/TransformsRequest->handle(Object(Illuminate/Http/Request), Object(Closure))
#37 C:/xampp/htdocs/pelayanan psdkp/vendor/laravel/framework/src/Illuminate/Pipeline/Pipeline.php(219): Illuminate/Foundation/Http/Middleware/ConvertEmptyStringsToNull->handle(Object(Illuminate/Http/Request), Object(Closure))
#38 C:/xampp/htdocs/pelayanan psdkp/vendor/laravel/framework/src/Illuminate/Foundation/Http/Middleware/TransformsRequest.php(21): Illuminate/Pipeline/Pipeline->Illuminate/Pipeline/{closure}(Object(Illuminate/Http/Request))
#39 C:/xampp/htdocs/pelayanan psdkp/vendor/laravel/framework/src/Illuminate/Foundation/Http/Middleware/TrimStrings.php(51): Illuminate/Foundation/Http/Middleware/TransformsRequest->handle(Object(Illuminate/Http/Request), Object(Closure))
#40 C:/xampp/htdocs/pelayanan psdkp/vendor/laravel/framework/src/Illuminate/Pipeline/Pipeline.php(219): Illuminate/Foundation/Http/Middleware/TrimStrings->handle(Object(Illuminate/Http/Request), Object(Closure))
#41 C:/xampp/htdocs/pelayanan psdkp/vendor/laravel/framework/src/Illuminate/Http/Middleware/ValidatePostSize.php(27): Illuminate/Pipeline/Pipeline->Illuminate/Pipeline/{closure}(Object(Illuminate/Http/Request))
#42 C:/xampp/htdocs/pelayanan psdkp/vendor/laravel/framework/src/Illuminate/Pipeline/Pipeline.php(219): Illuminate/Http/Middleware/ValidatePostSize->handle(Object(Illuminate/Http/Request), Object(Closure))
#43 C:/xampp/htdocs/pelayanan psdkp/vendor/laravel/framework/src/Illuminate/Foundation/Http/Middleware/PreventRequestsDuringMaintenance.php(109): Illuminate/Pipeline/Pipeline->Illuminate/Pipeline/{closure}(Object(Illuminate/Http/Request))
#44 C:/xampp/htdocs/pelayanan psdkp/vendor/laravel/framework/src/Illuminate/Pipeline/Pipeline.php(219): Illuminate/Foundation/Http/Middleware/PreventRequestsDuringMaintenance->handle(Object(Illuminate/Http/Request), Object(Closure))
#45 C:/xampp/htdocs/pelayanan psdkp/vendor/laravel/framework/src/Illuminate/Http/Middleware/HandleCors.php(61): Illuminate/Pipeline/Pipeline->Illuminate/Pipeline/{closure}(Object(Illuminate/Http/Request))
#46 C:/xampp/htdocs/pelayanan psdkp/vendor/laravel/framework/src/Illuminate/Pipeline/Pipeline.php(219): Illuminate/Http/Middleware/HandleCors->handle(Object(Illuminate/Http/Request), Object(Closure))
#47 C:/xampp/htdocs/pelayanan psdkp/vendor/laravel/framework/src/Illuminate/Http/Middleware/TrustProxies.php(58): Illuminate/Pipeline/Pipeline->Illuminate/Pipeline/{closure}(Object(Illuminate/Http/Request))
#48 C:/xampp/htdocs/pelayanan psdkp/vendor/laravel/framework/src/Illuminate/Pipeline/Pipeline.php(219): Illuminate/Http/Middleware/TrustProxies->handle(Object(Illuminate/Http/Request), Object(Closure))
#49 C:/xampp/htdocs/pelayanan psdkp/vendor/laravel/framework/src/Illuminate/Foundation/Http/Middleware/InvokeDeferredCallbacks.php(22): Illuminate/Pipeline/Pipeline->Illuminate/Pipeline/{closure}(Object(Illuminate/Http/Request))
#50 C:/xampp/htdocs/pelayanan psdkp/vendor/laravel/framework/src/Illuminate/Pipeline/Pipeline.php(219): Illuminate/Foundation/Http/Middleware/InvokeDeferredCallbacks->handle(Object(Illuminate/Http/Request), Object(Closure))
#51 C:/xampp/htdocs/pelayanan psdkp/vendor/laravel/framework/src/Illuminate/Http/Middleware/ValidatePathEncoding.php(26): Illuminate/Pipeline/Pipeline->Illuminate/Pipeline/{closure}(Object(Illuminate/Http/Request))
#52 C:/xampp/htdocs/pelayanan psdkp/vendor/laravel/framework/src/Illuminate/Pipeline/Pipeline.php(219): Illuminate/Http/Middleware/ValidatePathEncoding->handle(Object(Illuminate/Http/Request), Object(Closure))
#53 C:/xampp/htdocs/pelayanan psdkp/vendor/laravel/framework/src/Illuminate/Pipeline/Pipeline.php(137): Illuminate/Pipeline/Pipeline->Illuminate/Pipeline/{closure}(Object(Illuminate/Http/Request))
#54 C:/xampp/htdocs/pelayanan psdkp/vendor/laravel/framework/src/Illuminate/Foundation/Http/Kernel.php(175): Illuminate/Pipeline/Pipeline->then(Object(Closure))
#55 C:/xampp/htdocs/pelayanan psdkp/vendor/laravel/framework/src/Illuminate/Foundation/Http/Kernel.php(144): Illuminate/Foundation/Http/Kernel->sendRequestThroughRouter(Object(Illuminate/Http/Request))
#56 C:/xampp/htdocs/pelayanan psdkp/vendor/laravel/framework/src/Illuminate/Foundation/Application.php(1220): Illuminate/Foundation/Http/Kernel->handle(Object(Illuminate/Http/Request))
#57 C:/xampp/htdocs/pelayanan psdkp/public/index.php(17): Illuminate/Foundation/Application->handleRequest(Object(Illuminate/Http/Request))
#58 C:/xampp/htdocs/pelayanan psdkp/vendor/laravel/framework/src/Illuminate/Foundation/resources/server.php(23): require_once('C://xampp//htdocs...')
#59 {main}

[previous exception] [object] (Error(code: 0): Call to a member function format() on null at C:/xampp/htdocs/pelayanan psdkp/storage/framework/views/67ee54d62467b17d5087e56a690bdaf4.php:241)
[stacktrace]
#0 C:/xampp/htdocs/pelayanan psdkp/vendor/laravel/framework/src/Illuminate/Filesystem/Filesystem.php(123): require()
#1 C:/xampp/htdocs/pelayanan psdkp/vendor/laravel/framework/src/Illuminate/Filesystem/Filesystem.php(124): Illuminate/Filesystem/Filesystem::Illuminate/Filesystem/{closure}()
#2 C:/xampp/htdocs/pelayanan psdkp/vendor/laravel/framework/src/Illuminate/View/Engines/PhpEngine.php(57): Illuminate/Filesystem/Filesystem->getRequire('C://xampp//htdocs...', Array)
#3 C:/xampp/htdocs/pelayanan psdkp/vendor/laravel/framework/src/Illuminate/View/Engines/CompilerEngine.php(76): Illuminate/View/Engines/PhpEngine->evaluatePath('C://xampp//htdocs...', Array)
#4 C:/xampp/htdocs/pelayanan psdkp/vendor/laravel/framework/src/Illuminate/View/View.php(208): Illuminate/View/Engines/CompilerEngine->get('C://xampp//htdocs...', Array)
#5 C:/xampp/htdocs/pelayanan psdkp/vendor/laravel/framework/src/Illuminate/View/View.php(191): Illuminate/View/View->getContents()
#6 C:/xampp/htdocs/pelayanan psdkp/vendor/laravel/framework/src/Illuminate/View/View.php(160): Illuminate/View/View->renderContents()
#7 C:/xampp/htdocs/pelayanan psdkp/vendor/laravel/framework/src/Illuminate/Http/Response.php(78): Illuminate/View/View->render()
#8 C:/xampp/htdocs/pelayanan psdkp/vendor/laravel/framework/src/Illuminate/Http/Response.php(34): Illuminate/Http/Response->setContent(Object(Illuminate/View/View))
#9 C:/xampp/htdocs/pelayanan psdkp/vendor/laravel/framework/src/Illuminate/Routing/Router.php(939): Illuminate/Http/Response->__construct(Object(Illuminate/View/View), 200, Array)
#10 C:/xampp/htdocs/pelayanan psdkp/vendor/laravel/framework/src/Illuminate/Routing/Router.php(906): Illuminate/Routing/Router::toResponse(Object(Illuminate/Http/Request), Object(Illuminate/View/View))
#11 C:/xampp/htdocs/pelayanan psdkp/vendor/laravel/framework/src/Illuminate/Routing/Router.php(821): Illuminate/Routing/Router->prepareResponse(Object(Illuminate/Http/Request), Object(Illuminate/View/View))
#12 C:/xampp/htdocs/pelayanan psdkp/vendor/laravel/framework/src/Illuminate/Pipeline/Pipeline.php(180): Illuminate/Routing/Router->Illuminate/Routing/{closure}(Object(Illuminate/Http/Request))
#13 C:/xampp/htdocs/pelayanan psdkp/app/Http/Middleware/RoleMiddleware.php(2): Illuminate/Pipeline/Pipeline->Illuminate/Pipeline/{closure}(Object(Illuminate/Http/Request))
#14 C:/xampp/htdocs/pelayanan psdkp/vendor/laravel/framework/src/Illuminate/Pipeline/Pipeline.php(219): App/Http/Middleware/RoleMiddleware->handle(Object(Illuminate/Http/Request), Object(Closure), 'admin', 'petugas')
#15 C:/xampp/htdocs/pelayanan psdkp/vendor/laravel/framework/src/Illuminate/Routing/Middleware/SubstituteBindings.php(50): Illuminate/Pipeline/Pipeline->Illuminate/Pipeline/{closure}(Object(Illuminate/Http/Request))
#16 C:/xampp/htdocs/pelayanan psdkp/vendor/laravel/framework/src/Illuminate/Pipeline/Pipeline.php(219): Illuminate/Routing/Middleware/SubstituteBindings->handle(Object(Illuminate/Http/Request), Object(Closure))
#17 C:/xampp/htdocs/pelayanan psdkp/vendor/laravel/framework/src/Illuminate/Auth/Middleware/Authenticate.php(63): Illuminate/Pipeline/Pipeline->Illuminate/Pipeline/{closure}(Object(Illuminate/Http/Request))
#18 C:/xampp/htdocs/pelayanan psdkp/vendor/laravel/framework/src/Illuminate/Pipeline/Pipeline.php(219): Illuminate/Auth/Middleware/Authenticate->handle(Object(Illuminate/Http/Request), Object(Closure))
#19 C:/xampp/htdocs/pelayanan psdkp/vendor/laravel/framework/src/Illuminate/Foundation/Http/Middleware/VerifyCsrfToken.php(87): Illuminate/Pipeline/Pipeline->Illuminate/Pipeline/{closure}(Object(Illuminate/Http/Request))
#20 C:/xampp/htdocs/pelayanan psdkp/vendor/laravel/framework/src/Illuminate/Pipeline/Pipeline.php(219): Illuminate/Foundation/Http/Middleware/VerifyCsrfToken->handle(Object(Illuminate/Http/Request), Object(Closure))
#21 C:/xampp/htdocs/pelayanan psdkp/vendor/laravel/framework/src/Illuminate/View/Middleware/ShareErrorsFromSession.php(48): Illuminate/Pipeline/Pipeline->Illuminate/Pipeline/{closure}(Object(Illuminate/Http/Request))
#22 C:/xampp/htdocs/pelayanan psdkp/vendor/laravel/framework/src/Illuminate/Pipeline/Pipeline.php(219): Illuminate/View/Middleware/ShareErrorsFromSession->handle(Object(Illuminate/Http/Request), Object(Closure))
#23 C:/xampp/htdocs/pelayanan psdkp/vendor/laravel/framework/src/Illuminate/Session/Middleware/StartSession.php(120): Illuminate/Pipeline/Pipeline->Illuminate/Pipeline/{closure}(Object(Illuminate/Http/Request))
#24 C:/xampp/htdocs/pelayanan psdkp/vendor/laravel/framework/src/Illuminate/Session/Middleware/StartSession.php(63): Illuminate/Session/Middleware/StartSession->handleStatefulRequest(Object(Illuminate/Http/Request), Object(Illuminate/Session/Store), Object(Closure))
#25 C:/xampp/htdocs/pelayanan psdkp/vendor/laravel/framework/src/Illuminate/Pipeline/Pipeline.php(219): Illuminate/Session/Middleware/StartSession->handle(Object(Illuminate/Http/Request), Object(Closure))
#26 C:/xampp/htdocs/pelayanan psdkp/vendor/laravel/framework/src/Illuminate/Cookie/Middleware/AddQueuedCookiesToResponse.php(36): Illuminate/Pipeline/Pipeline->Illuminate/Pipeline/{closure}(Object(Illuminate/Http/Request))
#27 C:/xampp/htdocs/pelayanan psdkp/vendor/laravel/framework/src/Illuminate/Pipeline/Pipeline.php(219): Illuminate/Cookie/Middleware/AddQueuedCookiesToResponse->handle(Object(Illuminate/Http/Request), Object(Closure))
#28 C:/xampp/htdocs/pelayanan psdkp/vendor/laravel/framework/src/Illuminate/Cookie/Middleware/EncryptCookies.php(74): Illuminate/Pipeline/Pipeline->Illuminate/Pipeline/{closure}(Object(Illuminate/Http/Request))
#29 C:/xampp/htdocs/pelayanan psdkp/vendor/laravel/framework/src/Illuminate/Pipeline/Pipeline.php(219): Illuminate/Cookie/Middleware/EncryptCookies->handle(Object(Illuminate/Http/Request), Object(Closure))
#30 C:/xampp/htdocs/pelayanan psdkp/vendor/laravel/framework/src/Illuminate/Pipeline/Pipeline.php(137): Illuminate/Pipeline/Pipeline->Illuminate/Pipeline/{closure}(Object(Illuminate/Http/Request))
#31 C:/xampp/htdocs/pelayanan psdkp/vendor/laravel/framework/src/Illuminate/Routing/Router.php(821): Illuminate/Pipeline/Pipeline->then(Object(Closure))
#32 C:/xampp/htdocs/pelayanan psdkp/vendor/laravel/framework/src/Illuminate/Routing/Router.php(800): Illuminate/Routing/Router->runRouteWithinStack(Object(Illuminate/Routing/Route), Object(Illuminate/Http/Request))
#33 C:/xampp/htdocs/pelayanan psdkp/vendor/laravel/framework/src/Illuminate/Routing/Router.php(764): Illuminate/Routing/Router->runRoute(Object(Illuminate/Http/Request), Object(Illuminate/Routing/Route))
#34 C:/xampp/htdocs/pelayanan psdkp/vendor/laravel/framework/src/Illuminate/Routing/Router.php(753): Illuminate/Routing/Router->dispatchToRoute(Object(Illuminate/Http/Request))
#35 C:/xampp/htdocs/pelayanan psdkp/vendor/laravel/framework/src/Illuminate/Foundation/Http/Kernel.php(200): Illuminate/Routing/Router->dispatch(Object(Illuminate/Http/Request))
#36 C:/xampp/htdocs/pelayanan psdkp/vendor/laravel/framework/src/Illuminate/Pipeline/Pipeline.php(180): Illuminate/Foundation/Http/Kernel->Illuminate/Foundation/Http/{closure}(Object(Illuminate/Http/Request))
#37 C:/xampp/htdocs/pelayanan psdkp/vendor/laravel/framework/src/Illuminate/Foundation/Http/Middleware/TransformsRequest.php(21): Illuminate/Pipeline/Pipeline->Illuminate/Pipeline/{closure}(Object(Illuminate/Http/Request))
#38 C:/xampp/htdocs/pelayanan psdkp/vendor/laravel/framework/src/Illuminate/Foundation/Http/Middleware/ConvertEmptyStringsToNull.php(31): Illuminate/Foundation/Http/Middleware/TransformsRequest->handle(Object(Illuminate/Http/Request), Object(Closure))
#39 C:/xampp/htdocs/pelayanan psdkp/vendor/laravel/framework/src/Illuminate/Pipeline/Pipeline.php(219): Illuminate/Foundation/Http/Middleware/ConvertEmptyStringsToNull->handle(Object(Illuminate/Http/Request), Object(Closure))
#40 C:/xampp/htdocs/pelayanan psdkp/vendor/laravel/framework/src/Illuminate/Foundation/Http/Middleware/TransformsRequest.php(21): Illuminate/Pipeline/Pipeline->Illuminate/Pipeline/{closure}(Object(Illuminate/Http/Request))
#41 C:/xampp/htdocs/pelayanan psdkp/vendor/laravel/framework/src/Illuminate/Foundation/Http/Middleware/TrimStrings.php(51): Illuminate/Foundation/Http/Middleware/TransformsRequest->handle(Object(Illuminate/Http/Request), Object(Closure))
#42 C:/xampp/htdocs/pelayanan psdkp/vendor/laravel/framework/src/Illuminate/Pipeline/Pipeline.php(219): Illuminate/Foundation/Http/Middleware/TrimStrings->handle(Object(Illuminate/Http/Request), Object(Closure))
#43 C:/xampp/htdocs/pelayanan psdkp/vendor/laravel/framework/src/Illuminate/Http/Middleware/ValidatePostSize.php(27): Illuminate/Pipeline/Pipeline->Illuminate/Pipeline/{closure}(Object(Illuminate/Http/Request))
#44 C:/xampp/htdocs/pelayanan psdkp/vendor/laravel/framework/src/Illuminate/Pipeline/Pipeline.php(219): Illuminate/Http/Middleware/ValidatePostSize->handle(Object(Illuminate/Http/Request), Object(Closure))
#45 C:/xampp/htdocs/pelayanan psdkp/vendor/laravel/framework/src/Illuminate/Foundation/Http/Middleware/PreventRequestsDuringMaintenance.php(109): Illuminate/Pipeline/Pipeline->Illuminate/Pipeline/{closure}(Object(Illuminate/Http/Request))
#46 C:/xampp/htdocs/pelayanan psdkp/vendor/laravel/framework/src/Illuminate/Pipeline/Pipeline.php(219): Illuminate/Foundation/Http/Middleware/PreventRequestsDuringMaintenance->handle(Object(Illuminate/Http/Request), Object(Closure))
#47 C:/xampp/htdocs/pelayanan psdkp/vendor/laravel/framework/src/Illuminate/Http/Middleware/HandleCors.php(61): Illuminate/Pipeline/Pipeline->Illuminate/Pipeline/{closure}(Object(Illuminate/Http/Request))
#48 C:/xampp/htdocs/pelayanan psdkp/vendor/laravel/framework/src/Illuminate/Pipeline/Pipeline.php(219): Illuminate/Http/Middleware/HandleCors->handle(Object(Illuminate/Http/Request), Object(Closure))
#49 C:/xampp/htdocs/pelayanan psdkp/vendor/laravel/framework/src/Illuminate/Http/Middleware/TrustProxies.php(58): Illuminate/Pipeline/Pipeline->Illuminate/Pipeline/{closure}(Object(Illuminate/Http/Request))
#50 C:/xampp/htdocs/pelayanan psdkp/vendor/laravel/framework/src/Illuminate/Pipeline/Pipeline.php(219): Illuminate/Http/Middleware/TrustProxies->handle(Object(Illuminate/Http/Request), Object(Closure))
#51 C:/xampp/htdocs/pelayanan psdkp/vendor/laravel/framework/src/Illuminate/Foundation/Http/Middleware/InvokeDeferredCallbacks.php(22): Illuminate/Pipeline/Pipeline->Illuminate/Pipeline/{closure}(Object(Illuminate/Http/Request))
#52 C:/xampp/htdocs/pelayanan psdkp/vendor/laravel/framework/src/Illuminate/Pipeline/Pipeline.php(219): Illuminate/Foundation/Http/Middleware/InvokeDeferredCallbacks->handle(Object(Illuminate/Http/Request), Object(Closure))
#53 C:/xampp/htdocs/pelayanan psdkp/vendor/laravel/framework/src/Illuminate/Http/Middleware/ValidatePathEncoding.php(26): Illuminate/Pipeline/Pipeline->Illuminate/Pipeline/{closure}(Object(Illuminate/Http/Request))
#54 C:/xampp/htdocs/pelayanan psdkp/vendor/laravel/framework/src/Illuminate/Pipeline/Pipeline.php(219): Illuminate/Http/Middleware/ValidatePathEncoding->handle(Object(Illuminate/Http/Request), Object(Closure))
#55 C:/xampp/htdocs/pelayanan psdkp/vendor/laravel/framework/src/Illuminate/Pipeline/Pipeline.php(137): Illuminate/Pipeline/Pipeline->Illuminate/Pipeline/{closure}(Object(Illuminate/Http/Request))
#56 C:/xampp/htdocs/pelayanan psdkp/vendor/laravel/framework/src/Illuminate/Foundation/Http/Kernel.php(175): Illuminate/Pipeline/Pipeline->then(Object(Closure))
#57 C:/xampp/htdocs/pelayanan psdkp/vendor/laravel/framework/src/Illuminate/Foundation/Http/Kernel.php(144): Illuminate/Foundation/Http/Kernel->sendRequestThroughRouter(Object(Illuminate/Http/Request))
#58 C:/xampp/htdocs/pelayanan psdkp/vendor/laravel/framework/src/Illuminate/Foundation/Application.php(1220): Illuminate/Foundation/Http/Kernel->handle(Object(Illuminate/Http/Request))
#59 C:/xampp/htdocs/pelayanan psdkp/public/index.php(17): Illuminate/Foundation/Application->handleRequest(Object(Illuminate/Http/Request))
#60 C:/xampp/htdocs/pelayanan psdkp/vendor/laravel/framework/src/Illuminate/Foundation/resources/server.php(23): require_once('C://xampp//htdocs...')
#61 {main}
"} 
[2026-09-08 08:15:35] local.ERROR: Command "tinker" is not defined. {"exception":"[object] (Symfony\\Component\\Console\\Exception\\CommandNotFoundException(code: 0): Command \"tinker\" is not defined. at C:/xampp/htdocs/pelayanan psdkp/vendor/symfony/console/Application.php:759)
[stacktrace]
#0 C:/xampp/htdocs/pelayanan psdkp/vendor/symfony/console/Application.php(298): Symfony/Component/Console/Application->find('tinker')
#1 C:/xampp/htdocs/pelayanan psdkp/vendor/symfony/console/Application.php(195): Symfony/Component/Console/Application->doRun(Object(Symfony/Component/Console/Input/ArgvInput), Object(Symfony/Component/Console/Output/ConsoleOutput))
#2 C:/xampp/htdocs/pelayanan psdkp/vendor/laravel/framework/src/Illuminate/Foundation/Console/Kernel.php(198): Symfony/Component/Console/Application->run(Object(Symfony/Component/Console/Input/ArgvInput), Object(Symfony/Component/Console/Output/ConsoleOutput))
#3 C:/xampp/htdocs/pelayanan psdkp/vendor/laravel/framework/src/Illuminate/Foundation/Application.php(1235): Illuminate/Foundation/Console/Kernel->handle(Object(Symfony/Component/Console/Input/ArgvInput), Object(Symfony/Component/Console/Output/ConsoleOutput))
#4 C:/xampp/htdocs/pelayanan psdkp/artisan(5): Illuminate/Foundation/Application->handleCommand(Object(Symfony/Component/Console/Input/ArgvInput))
#5 {main}
"} 
[2026-09-09 03:17:43] local.ERROR: Route [public.form] not defined. {"exception":"[object] (Symfony\\Component\\Routing\\Exception\\RouteNotFoundException(code: 0): Route [public.form] not defined. at C:/xampp/htdocs/pelayanan psdkp/vendor/laravel/framework/src/Illuminate/Routing/UrlGenerator.php:536)
[stacktrace]
#0 C:/xampp/htdocs/pelayanan psdkp/vendor/laravel/framework/src/Illuminate/Routing/Redirector.php(153): Illuminate/Routing/UrlGenerator->route('public.form', 'kB0aiVZJ0EDRkJH...')
#1 C:/xampp/htdocs/pelayanan psdkp/app/Http/Controllers/ClaimController.php(25): Illuminate/Routing/Redirector->route('public.form', 'kB0aiVZJ0EDRkJH...')
#2 C:/xampp/htdocs/pelayanan psdkp/vendor/laravel/framework/src/Illuminate/Routing/ControllerDispatcher.php(46): App/Http/Controllers/ClaimController->submit(Object(Illuminate/Http/Request))
#3 C:/xampp/htdocs/pelayanan psdkp/vendor/laravel/framework/src/Illuminate/Routing/Route.php(265): Illuminate/Routing/ControllerDispatcher->dispatch(Object(Illuminate/Routing/Route), Object(App/Http/Controllers/ClaimController), 'submit')
#4 C:/xampp/htdocs/pelayanan psdkp/vendor/laravel/framework/src/Illuminate/Routing/Route.php(211): Illuminate/Routing/Route->runController()
#5 C:/xampp/htdocs/pelayanan psdkp/vendor/laravel/framework/src/Illuminate/Routing/Router.php(822): Illuminate/Routing/Route->run()
#6 C:/xampp/htdocs/pelayanan psdkp/vendor/laravel/framework/src/Illuminate/Pipeline/Pipeline.php(180): Illuminate/Routing/Router->Illuminate/Routing/{closure}(Object(Illuminate/Http/Request))
#7 C:/xampp/htdocs/pelayanan psdkp/vendor/laravel/framework/src/Illuminate/Routing/Middleware/SubstituteBindings.php(50): Illuminate/Pipeline/Pipeline->Illuminate/Pipeline/{closure}(Object(Illuminate/Http/Request))
#8 C:/xampp/htdocs/pelayanan psdkp/vendor/laravel/framework/src/Illuminate/Pipeline/Pipeline.php(219): Illuminate/Routing/Middleware/SubstituteBindings->handle(Object(Illuminate/Http/Request), Object(Closure))
#9 C:/xampp/htdocs/pelayanan psdkp/vendor/laravel/framework/src/Illuminate/Foundation/Http/Middleware/VerifyCsrfToken.php(87): Illuminate/Pipeline/Pipeline->Illuminate/Pipeline/{closure}(Object(Illuminate/Http/Request))
#10 C:/xampp/htdocs/pelayanan psdkp/vendor/laravel/framework/src/Illuminate/Pipeline/Pipeline.php(219): Illuminate/Foundation/Http/Middleware/VerifyCsrfToken->handle(Object(Illuminate/Http/Request), Object(Closure))
#11 C:/xampp/htdocs/pelayanan psdkp/vendor/laravel/framework/src/Illuminate/View/Middleware/ShareErrorsFromSession.php(48): Illuminate/Pipeline/Pipeline->Illuminate/Pipeline/{closure}(Object(Illuminate/Http/Request))
#12 C:/xampp/htdocs/pelayanan psdkp/vendor/laravel/framework/src/Illuminate/Pipeline/Pipeline.php(219): Illuminate/View/Middleware/ShareErrorsFromSession->handle(Object(Illuminate/Http/Request), Object(Closure))
#13 C:/xampp/htdocs/pelayanan psdkp/vendor/laravel/framework/src/Illuminate/Session/Middleware/StartSession.php(120): Illuminate/Pipeline/Pipeline->Illuminate/Pipeline/{closure}(Object(Illuminate/Http/Request))
#14 C:/xampp/htdocs/pelayanan psdkp/vendor/laravel/framework/src/Illuminate/Session/Middleware/StartSession.php(63): Illuminate/Session/Middleware/StartSession->handleStatefulRequest(Object(Illuminate/Http/Request), Object(Illuminate/Session/Store), Object(Closure))
#15 C:/xampp/htdocs/pelayanan psdkp/vendor/laravel/framework/src/Illuminate/Pipeline/Pipeline.php(219): Illuminate/Session/Middleware/StartSession->handle(Object(Illuminate/Http/Request), Object(Closure))
#16 C:/xampp/htdocs/pelayanan psdkp/vendor/laravel/framework/src/Illuminate/Cookie/Middleware/AddQueuedCookiesToResponse.php(36): Illuminate/Pipeline/Pipeline->Illuminate/Pipeline/{closure}(Object(Illuminate/Http/Request))
#17 C:/xampp/htdocs/pelayanan psdkp/vendor/laravel/framework/src/Illuminate/Pipeline/Pipeline.php(219): Illuminate/Cookie/Middleware/AddQueuedCookiesToResponse->handle(Object(Illuminate/Http/Request), Object(Closure))
#18 C:/xampp/htdocs/pelayanan psdkp/vendor/laravel/framework/src/Illuminate/Cookie/Middleware/EncryptCookies.php(74): Illuminate/Pipeline/Pipeline->Illuminate/Pipeline/{closure}(Object(Illuminate/Http/Request))
#19 C:/xampp/htdocs/pelayanan psdkp/vendor/laravel/framework/src/Illuminate/Pipeline/Pipeline.php(219): Illuminate/Cookie/Middleware/EncryptCookies->handle(Object(Illuminate/Http/Request), Object(Closure))
#20 C:/xampp/htdocs/pelayanan psdkp/vendor/laravel/framework/src/Illuminate/Pipeline/Pipeline.php(137): Illuminate/Pipeline/Pipeline->Illuminate/Pipeline/{closure}(Object(Illuminate/Http/Request))
#21 C:/xampp/htdocs/pelayanan psdkp/vendor/laravel/framework/src/Illuminate/Routing/Router.php(821): Illuminate/Pipeline/Pipeline->then(Object(Closure))
#22 C:/xampp/htdocs/pelayanan psdkp/vendor/laravel/framework/src/Illuminate/Routing/Router.php(800): Illuminate/Routing/Router->runRouteWithinStack(Object(Illuminate/Routing/Route), Object(Illuminate/Http/Request))
#23 C:/xampp/htdocs/pelayanan psdkp/vendor/laravel/framework/src/Illuminate/Routing/Router.php(764): Illuminate/Routing/Router->runRoute(Object(Illuminate/Http/Request), Object(Illuminate/Routing/Route))
#24 C:/xampp/htdocs/pelayanan psdkp/vendor/laravel/framework/src/Illuminate/Routing/Router.php(753): Illuminate/Routing/Router->dispatchToRoute(Object(Illuminate/Http/Request))
#25 C:/xampp/htdocs/pelayanan psdkp/vendor/laravel/framework/src/Illuminate/Foundation/Http/Kernel.php(200): Illuminate/Routing/Router->dispatch(Object(Illuminate/Http/Request))
#26 C:/xampp/htdocs/pelayanan psdkp/vendor/laravel/framework/src/Illuminate/Pipeline/Pipeline.php(180): Illuminate/Foundation/Http/Kernel->Illuminate/Foundation/Http/{closure}(Object(Illuminate/Http/Request))
#27 C:/xampp/htdocs/pelayanan psdkp/vendor/laravel/framework/src/Illuminate/Foundation/Http/Middleware/TransformsRequest.php(21): Illuminate/Pipeline/Pipeline->Illuminate/Pipeline/{closure}(Object(Illuminate/Http/Request))
#28 C:/xampp/htdocs/pelayanan psdkp/vendor/laravel/framework/src/Illuminate/Foundation/Http/Middleware/ConvertEmptyStringsToNull.php(31): Illuminate/Foundation/Http/Middleware/TransformsRequest->handle(Object(Illuminate/Http/Request), Object(Closure))
#29 C:/xampp/htdocs/pelayanan psdkp/vendor/laravel/framework/src/Illuminate/Pipeline/Pipeline.php(219): Illuminate/Foundation/Http/Middleware/ConvertEmptyStringsToNull->handle(Object(Illuminate/Http/Request), Object(Closure))
#30 C:/xampp/htdocs/pelayanan psdkp/vendor/laravel/framework/src/Illuminate/Foundation/Http/Middleware/TransformsRequest.php(21): Illuminate/Pipeline/Pipeline->Illuminate/Pipeline/{closure}(Object(Illuminate/Http/Request))
#31 C:/xampp/htdocs/pelayanan psdkp/vendor/laravel/framework/src/Illuminate/Foundation/Http/Middleware/TrimStrings.php(51): Illuminate/Foundation/Http/Middleware/TransformsRequest->handle(Object(Illuminate/Http/Request), Object(Closure))
#32 C:/xampp/htdocs/pelayanan psdkp/vendor/laravel/framework/src/Illuminate/Pipeline/Pipeline.php(219): Illuminate/Foundation/Http/Middleware/TrimStrings->handle(Object(Illuminate/Http/Request), Object(Closure))
#33 C:/xampp/htdocs/pelayanan psdkp/vendor/laravel/framework/src/Illuminate/Http/Middleware/ValidatePostSize.php(27): Illuminate/Pipeline/Pipeline->Illuminate/Pipeline/{closure}(Object(Illuminate/Http/Request))
#34 C:/xampp/htdocs/pelayanan psdkp/vendor/laravel/framework/src/Illuminate/Pipeline/Pipeline.php(219): Illuminate/Http/Middleware/ValidatePostSize->handle(Object(Illuminate/Http/Request), Object(Closure))
#35 C:/xampp/htdocs/pelayanan psdkp/vendor/laravel/framework/src/Illuminate/Foundation/Http/Middleware/PreventRequestsDuringMaintenance.php(109): Illuminate/Pipeline/Pipeline->Illuminate/Pipeline/{closure}(Object(Illuminate/Http/Request))
#36 C:/xampp/htdocs/pelayanan psdkp/vendor/laravel/framework/src/Illuminate/Pipeline/Pipeline.php(219): Illuminate/Foundation/Http/Middleware/PreventRequestsDuringMaintenance->handle(Object(Illuminate/Http/Request), Object(Closure))
#37 C:/xampp/htdocs/pelayanan psdkp/vendor/laravel/framework/src/Illuminate/Http/Middleware/HandleCors.php(61): Illuminate/Pipeline/Pipeline->Illuminate/Pipeline/{closure}(Object(Illuminate/Http/Request))
#38 C:/xampp/htdocs/pelayanan psdkp/vendor/laravel/framework/src/Illuminate/Pipeline/Pipeline.php(219): Illuminate/Http/Middleware/HandleCors->handle(Object(Illuminate/Http/Request), Object(Closure))
#39 C:/xampp/htdocs/pelayanan psdkp/vendor/laravel/framework/src/Illuminate/Http/Middleware/TrustProxies.php(58): Illuminate/Pipeline/Pipeline->Illuminate/Pipeline/{closure}(Object(Illuminate/Http/Request))
#40 C:/xampp/htdocs/pelayanan psdkp/vendor/laravel/framework/src/Illuminate/Pipeline/Pipeline.php(219): Illuminate/Http/Middleware/TrustProxies->handle(Object(Illuminate/Http/Request), Object(Closure))
#41 C:/xampp/htdocs/pelayanan psdkp/vendor/laravel/framework/src/Illuminate/Foundation/Http/Middleware/InvokeDeferredCallbacks.php(22): Illuminate/Pipeline/Pipeline->Illuminate/Pipeline/{closure}(Object(Illuminate/Http/Request))
#42 C:/xampp/htdocs/pelayanan psdkp/vendor/laravel/framework/src/Illuminate/Pipeline/Pipeline.php(219): Illuminate/Foundation/Http/Middleware/InvokeDeferredCallbacks->handle(Object(Illuminate/Http/Request), Object(Closure))
#43 C:/xampp/htdocs/pelayanan psdkp/vendor/laravel/framework/src/Illuminate/Http/Middleware/ValidatePathEncoding.php(26): Illuminate/Pipeline/Pipeline->Illuminate/Pipeline/{closure}(Object(Illuminate/Http/Request))
#44 C:/xampp/htdocs/pelayanan psdkp/vendor/laravel/framework/src/Illuminate/Pipeline/Pipeline.php(219): Illuminate/Http/Middleware/ValidatePathEncoding->handle(Object(Illuminate/Http/Request), Object(Closure))
#45 C:/xampp/htdocs/pelayanan psdkp/vendor/laravel/framework/src/Illuminate/Pipeline/Pipeline.php(137): Illuminate/Pipeline/Pipeline->Illuminate/Pipeline/{closure}(Object(Illuminate/Http/Request))
#46 C:/xampp/htdocs/pelayanan psdkp/vendor/laravel/framework/src/Illuminate/Foundation/Http/Kernel.php(175): Illuminate/Pipeline/Pipeline->then(Object(Closure))
#47 C:/xampp/htdocs/pelayanan psdkp/vendor/laravel/framework/src/Illuminate/Foundation/Http/Kernel.php(144): Illuminate/Foundation/Http/Kernel->sendRequestThroughRouter(Object(Illuminate/Http/Request))
#48 C:/xampp/htdocs/pelayanan psdkp/vendor/laravel/framework/src/Illuminate/Foundation/Application.php(1220): Illuminate/Foundation/Http/Kernel->handle(Object(Illuminate/Http/Request))
#49 C:/xampp/htdocs/pelayanan psdkp/public/index.php(17): Illuminate/Foundation/Application->handleRequest(Object(Illuminate/Http/Request))
#50 C:/xampp/htdocs/pelayanan psdkp/vendor/laravel/framework/src/Illuminate/Foundation/resources/server.php(23): require_once('C://xampp//htdocs...')
#51 {main}
"} 
[2026-09-09 04:48:23] local.ERROR: Command "tinker" is not defined. {"exception":"[object] (Symfony\\Component\\Console\\Exception\\CommandNotFoundException(code: 0): Command \"tinker\" is not defined. at C:/xampp/htdocs/pelayanan psdkp/vendor/symfony/console/Application.php:759)
[stacktrace]
#0 C:/xampp/htdocs/pelayanan psdkp/vendor/symfony/console/Application.php(298): Symfony/Component/Console/Application->find('tinker')
#1 C:/xampp/htdocs/pelayanan psdkp/vendor/symfony/console/Application.php(195): Symfony/Component/Console/Application->doRun(Object(Symfony/Component/Console/Input/ArgvInput), Object(Symfony/Component/Console/Output/ConsoleOutput))
#2 C:/xampp/htdocs/pelayanan psdkp/vendor/laravel/framework/src/Illuminate/Foundation/Console/Kernel.php(198): Symfony/Component/Console/Application->run(Object(Symfony/Component/Console/Input/ArgvInput), Object(Symfony/Component/Console/Output/ConsoleOutput))
#3 C:/xampp/htdocs/pelayanan psdkp/vendor/laravel/framework/src/Illuminate/Foundation/Application.php(1235): Illuminate/Foundation/Console/Kernel->handle(Object(Symfony/Component/Console/Input/ArgvInput), Object(Symfony/Component/Console/Output/ConsoleOutput))
#4 C:/xampp/htdocs/pelayanan psdkp/artisan(5): Illuminate/Foundation/Application->handleCommand(Object(Symfony/Component/Console/Input/ArgvInput))
#5 {main}
"} 
[2026-09-09 04:55:20] local.ERROR: SQLSTATE[01000]: Warning: 1265 Data truncated for column 'frekuensi_pelanggaran' at row 1 (Connection: mysql, Host: 127.0.0.1, Port: 3306, Database: pelayanan_psdkp, SQL: insert into `service_requests` (`token`, `unique_code`, `created_by`, `company_id`, `ship_id`, `category`, `subject`, `description`, `analysis`, `indikasi`, `indikasi_pelanggaran`, `duga_langgar`, `period_violation_start`, `period_violation_end`, `pelabuhan_keluar_terakhir`, `mulai_melanggar`, `frekuensi_pelanggaran`, `upt_terdekat`, `observation_date`, `status`, `updated_at`, `created_at`) values (2f1852c6-cbd4-41e1-a411-5a3adce2fd77, 416453, 1, 8, 7, Pelayanan, Pemberitahuan Pelanggaran Administrasi Kapal, Terdapat indikasi pelanggaran wilayah tangkap berdasarkan pantauan VMS., Berdasarkan hasil analisis tracking VMS, kapal terdeteksi keluar dari WPP-NRI 711., Keluar Jalur Penangkapan, Melanggar pasal 27 UU Perikanan, Penangkapan ikan di luar jalur yang diizinkan pada SIPI, 2026-09-04 04:55:20, 2026-09-07 04:55:20, Pelabuhan Nizam Zachman, 2026-09-05 04:55:20, 3 kali, PSDKP Jakarta, 2026-09-08 04:55:20, draft, 2026-09-09 04:55:20, 2026-09-09 04:55:20)) {"exception":"[object] (Illuminate\\Database\\QueryException(code: 01000): SQLSTATE[01000]: Warning: 1265 Data truncated for column 'frekuensi_pelanggaran' at row 1 (Connection: mysql, Host: 127.0.0.1, Port: 3306, Database: pelayanan_psdkp, SQL: insert into `service_requests` (`token`, `unique_code`, `created_by`, `company_id`, `ship_id`, `category`, `subject`, `description`, `analysis`, `indikasi`, `indikasi_pelanggaran`, `duga_langgar`, `period_violation_start`, `period_violation_end`, `pelabuhan_keluar_terakhir`, `mulai_melanggar`, `frekuensi_pelanggaran`, `upt_terdekat`, `observation_date`, `status`, `updated_at`, `created_at`) values (2f1852c6-cbd4-41e1-a411-5a3adce2fd77, 416453, 1, 8, 7, Pelayanan, Pemberitahuan Pelanggaran Administrasi Kapal, Terdapat indikasi pelanggaran wilayah tangkap berdasarkan pantauan VMS., Berdasarkan hasil analisis tracking VMS, kapal terdeteksi keluar dari WPP-NRI 711., Keluar Jalur Penangkapan, Melanggar pasal 27 UU Perikanan, Penangkapan ikan di luar jalur yang diizinkan pada SIPI, 2026-09-04 04:55:20, 2026-09-07 04:55:20, Pelabuhan Nizam Zachman, 2026-09-05 04:55:20, 3 kali, PSDKP Jakarta, 2026-09-08 04:55:20, draft, 2026-09-09 04:55:20, 2026-09-09 04:55:20)) at C:/xampp/htdocs/pelayanan psdkp/vendor/laravel/framework/src/Illuminate/Database/Connection.php:838)
[stacktrace]
#0 C:/xampp/htdocs/pelayanan psdkp/vendor/laravel/framework/src/Illuminate/Database/Connection.php(794): Illuminate/Database/Connection->runQueryCallback('insert into `se...', Array, Object(Closure))
#1 C:/xampp/htdocs/pelayanan psdkp/vendor/laravel/framework/src/Illuminate/Database/MySqlConnection.php(42): Illuminate/Database/Connection->run('insert into `se...', Array, Object(Closure))
#2 C:/xampp/htdocs/pelayanan psdkp/vendor/laravel/framework/src/Illuminate/Database/Query/Processors/MySqlProcessor.php(35): Illuminate/Database/MySqlConnection->insert('insert into `se...', Array, 'id')
#3 C:/xampp/htdocs/pelayanan psdkp/vendor/laravel/framework/src/Illuminate/Database/Query/Builder.php(4170): Illuminate/Database/Query/Processors/MySqlProcessor->processInsertGetId(Object(Illuminate/Database/Query/Builder), 'insert into `se...', Array, 'id')
#4 C:/xampp/htdocs/pelayanan psdkp/vendor/laravel/framework/src/Illuminate/Database/Eloquent/Builder.php(2237): Illuminate/Database/Query/Builder->insertGetId(Array, 'id')
#5 C:/xampp/htdocs/pelayanan psdkp/vendor/laravel/framework/src/Illuminate/Database/Eloquent/Model.php(1436): Illuminate/Database/Eloquent/Builder->__call('insertGetId', Array)
#6 C:/xampp/htdocs/pelayanan psdkp/vendor/laravel/framework/src/Illuminate/Database/Eloquent/Model.php(1401): Illuminate/Database/Eloquent/Model->insertAndSetId(Object(Illuminate/Database/Eloquent/Builder), Array)
#7 C:/xampp/htdocs/pelayanan psdkp/vendor/laravel/framework/src/Illuminate/Database/Eloquent/Model.php(1240): Illuminate/Database/Eloquent/Model->performInsert(Object(Illuminate/Database/Eloquent/Builder))
#8 C:/xampp/htdocs/pelayanan psdkp/vendor/laravel/framework/src/Illuminate/Database/Eloquent/Builder.php(1219): Illuminate/Database/Eloquent/Model->save()
#9 C:/xampp/htdocs/pelayanan psdkp/vendor/laravel/framework/src/Illuminate/Support/helpers.php(393): Illuminate/Database/Eloquent/Builder->Illuminate/Database/Eloquent/{closure}(Object(App/Models/ServiceRequest))
#10 C:/xampp/htdocs/pelayanan psdkp/vendor/laravel/framework/src/Illuminate/Database/Eloquent/Builder.php(1218): tap(Object(App/Models/ServiceRequest), Object(Closure))
#11 C:/xampp/htdocs/pelayanan psdkp/vendor/laravel/framework/src/Illuminate/Support/Traits/ForwardsCalls.php(23): Illuminate/Database/Eloquent/Builder->create(Array)
#12 C:/xampp/htdocs/pelayanan psdkp/vendor/laravel/framework/src/Illuminate/Database/Eloquent/Model.php(2544): Illuminate/Database/Eloquent/Model->forwardCallTo(Object(Illuminate/Database/Eloquent/Builder), 'create', Array)
#13 C:/xampp/htdocs/pelayanan psdkp/vendor/laravel/framework/src/Illuminate/Database/Eloquent/Model.php(2560): Illuminate/Database/Eloquent/Model->__call('create', Array)
#14 C:/xampp/htdocs/pelayanan psdkp/create_full_test.php(26): Illuminate/Database/Eloquent/Model::__callStatic('create', Array)
#15 {main}

[previous exception] [object] (PDOException(code: 01000): SQLSTATE[01000]: Warning: 1265 Data truncated for column 'frekuensi_pelanggaran' at row 1 at C:/xampp/htdocs/pelayanan psdkp/vendor/laravel/framework/src/Illuminate/Database/MySqlConnection.php:53)
[stacktrace]
#0 C:/xampp/htdocs/pelayanan psdkp/vendor/laravel/framework/src/Illuminate/Database/MySqlConnection.php(53): PDOStatement->execute()
#1 C:/xampp/htdocs/pelayanan psdkp/vendor/laravel/framework/src/Illuminate/Database/Connection.php(827): Illuminate/Database/MySqlConnection->Illuminate/Database/{closure}('insert into `se...', Array)
#2 C:/xampp/htdocs/pelayanan psdkp/vendor/laravel/framework/src/Illuminate/Database/Connection.php(794): Illuminate/Database/Connection->runQueryCallback('insert into `se...', Array, Object(Closure))
#3 C:/xampp/htdocs/pelayanan psdkp/vendor/laravel/framework/src/Illuminate/Database/MySqlConnection.php(42): Illuminate/Database/Connection->run('insert into `se...', Array, Object(Closure))
#4 C:/xampp/htdocs/pelayanan psdkp/vendor/laravel/framework/src/Illuminate/Database/Query/Processors/MySqlProcessor.php(35): Illuminate/Database/MySqlConnection->insert('insert into `se...', Array, 'id')
#5 C:/xampp/htdocs/pelayanan psdkp/vendor/laravel/framework/src/Illuminate/Database/Query/Builder.php(4170): Illuminate/Database/Query/Processors/MySqlProcessor->processInsertGetId(Object(Illuminate/Database/Query/Builder), 'insert into `se...', Array, 'id')
#6 C:/xampp/htdocs/pelayanan psdkp/vendor/laravel/framework/src/Illuminate/Database/Eloquent/Builder.php(2237): Illuminate/Database/Query/Builder->insertGetId(Array, 'id')
#7 C:/xampp/htdocs/pelayanan psdkp/vendor/laravel/framework/src/Illuminate/Database/Eloquent/Model.php(1436): Illuminate/Database/Eloquent/Builder->__call('insertGetId', Array)
#8 C:/xampp/htdocs/pelayanan psdkp/vendor/laravel/framework/src/Illuminate/Database/Eloquent/Model.php(1401): Illuminate/Database/Eloquent/Model->insertAndSetId(Object(Illuminate/Database/Eloquent/Builder), Array)
#9 C:/xampp/htdocs/pelayanan psdkp/vendor/laravel/framework/src/Illuminate/Database/Eloquent/Model.php(1240): Illuminate/Database/Eloquent/Model->performInsert(Object(Illuminate/Database/Eloquent/Builder))
#10 C:/xampp/htdocs/pelayanan psdkp/vendor/laravel/framework/src/Illuminate/Database/Eloquent/Builder.php(1219): Illuminate/Database/Eloquent/Model->save()
#11 C:/xampp/htdocs/pelayanan psdkp/vendor/laravel/framework/src/Illuminate/Support/helpers.php(393): Illuminate/Database/Eloquent/Builder->Illuminate/Database/Eloquent/{closure}(Object(App/Models/ServiceRequest))
#12 C:/xampp/htdocs/pelayanan psdkp/vendor/laravel/framework/src/Illuminate/Database/Eloquent/Builder.php(1218): tap(Object(App/Models/ServiceRequest), Object(Closure))
#13 C:/xampp/htdocs/pelayanan psdkp/vendor/laravel/framework/src/Illuminate/Support/Traits/ForwardsCalls.php(23): Illuminate/Database/Eloquent/Builder->create(Array)
#14 C:/xampp/htdocs/pelayanan psdkp/vendor/laravel/framework/src/Illuminate/Database/Eloquent/Model.php(2544): Illuminate/Database/Eloquent/Model->forwardCallTo(Object(Illuminate/Database/Eloquent/Builder), 'create', Array)
#15 C:/xampp/htdocs/pelayanan psdkp/vendor/laravel/framework/src/Illuminate/Database/Eloquent/Model.php(2560): Illuminate/Database/Eloquent/Model->__call('create', Array)
#16 C:/xampp/htdocs/pelayanan psdkp/create_full_test.php(26): Illuminate/Database/Eloquent/Model::__callStatic('create', Array)
#17 {main}
"} 
